ep_id,technology,load_area,plant_name,eia_id,start_year,prime_mover,cogen,fuel,capacity_mw,heat_rate,cogen_thermal_demand_mmbtus_per_mwh
5000000,Hydro_NonPumped_EP,AZ_APS_N,Glen_Canyon_Dam,153,1965,HY,0,Water,495,0,0
5000001,Hydro_NonPumped_EP,AZ_APS_N,Glen_Canyon_Dam,153,1966,HY,0,Water,322,0,0
5000002,Hydro_NonPumped_EP,AZ_APS_N,Glen_Canyon_Dam,153,1964,HY,0,Water,495,0,0
5000003,Hydro_Pumped_EP,AZ_APS_N,Waddell,7164,1993,PS,0,Water,40,0,0
5000004,Hydro_NonPumped_EP,AZ_NM_N,Navajo_Dam,584,1989,HY,0,Water,30,0,0
5000005,Hydro_NonPumped_EP,AZ_NW,Davis_Dam,152,1951,HY,0,Water,254.8,0,0
5000006,Hydro_NonPumped_EP,AZ_PHX,Horse_Mesa,145,1927,HY,0,Water,29.7,0,0
5000007,Hydro_Pumped_EP,AZ_PHX,Horse_Mesa,145,1972,PS,0,Water,99.8,0,0
5000008,Hydro_NonPumped_EP,AZ_PHX,Mormon_Flat,148,1926,HY,0,Water,9.2,0,0
5000009,Hydro_Pumped_EP,AZ_PHX,Mormon_Flat,148,1971,PS,0,Water,54.3,0,0
5000010,Hydro_NonPumped_EP,AZ_PHX,Roosevelt,149,1973,HY,0,Water,36,0,0
5000011,Hydro_NonPumped_EP,AZ_PHX,South_Consolidated,100,1981,HY,0,Water,1.4,0,0
5000012,Hydro_NonPumped_EP,AZ_PHX,Stewart_Mountain,150,1930,HY,0,Water,13,0,0
5000013,Hydro_NonPumped_EP,CA_IID,Drop_1,585,1984,HY,0,Water,5.7,0,0
5000014,Hydro_NonPumped_EP,CA_IID,Drop_2,385,1953,HY,0,Water,10,0,0
5000015,Hydro_NonPumped_EP,CA_IID,Drop_3,386,1941,HY,0,Water,4.8,0,0
5000016,Hydro_NonPumped_EP,CA_IID,Drop_3,386,1966,HY,0,Water,5,0,0
5000017,Hydro_NonPumped_EP,CA_IID,Drop_4,387,1950,HY,0,Water,10,0,0
5000018,Hydro_NonPumped_EP,CA_IID,Drop_4,387,1941,HY,0,Water,9.6,0,0
5000019,Hydro_NonPumped_EP,CA_IID,Drop_5,314,1982,HY,0,Water,4,0,0
5000020,Hydro_NonPumped_EP,CA_IID,East_Highline,586,1984,HY,0,Water,2.4,0,0
5000021,Hydro_NonPumped_EP,CA_IID,Pilot_Knob,388,1957,HY,0,Water,33,0,0
5000022,Hydro_NonPumped_EP,CA_IID,Siphon_Drop_Power_Plant,57364,1987,HY,0,Water,4.4,0,0
5000023,Hydro_NonPumped_EP,CA_IID,Whitewater_Hydro_Plant,10162,1986,HY,0,Water,1.3,0,0
5000024,Hydro_NonPumped_EP,CA_LADWP,East_Portal_Generator,50375,1987,HY,0,Water,1.2,0,0
5000025,Hydro_NonPumped_EP,CA_LADWP,Franklin,397,1921,HY,0,Water,2,0,0
5000026,Hydro_NonPumped_EP,CA_LADWP,Greg_Avenue,6643,1979,HY,0,Water,1,0,0
5000027,Hydro_Pumped_EP,CA_LADWP,North_Hollywood,57854,1993,PS,0,Water,5.4,0,0
5000028,Hydro_NonPumped_EP,CA_LADWP,San_Fernando,403,1922,HY,0,Water,5.6,0,0
5000029,Hydro_NonPumped_EP,CA_LADWP,Sepulveda_Canyon,316,1982,HY,0,Water,8.5,0,0
5000030,Hydro_NonPumped_EP,CA_LADWP,Venice,72,1982,HY,0,Water,10.1,0,0
5000808,Hydro_NonPumped_EP,CAN_ALB,Barrier,613822,1947,HY,0,Water,11.3,0,0
5000809,Hydro_NonPumped_EP,CAN_ALB,Bearspaw,613818,1954,HY,0,Water,16,0,0
5000810,Hydro_NonPumped_EP,CAN_ALB,Belly_River_CHD,914758,1991,HY,0,Water,3,0,0
5000811,Hydro_NonPumped_EP,CAN_ALB,Bighorn,608268,1972,HY,0,Water,120,0,0
5000813,Hydro_NonPumped_EP,CAN_ALB,Brazeau,608273,1965,HY,0,Water,162,0,0
5000812,Hydro_NonPumped_EP,CAN_ALB,Brazeau,608273,1967,HY,0,Water,200,0,0
5000814,Hydro_NonPumped_EP,CAN_ALB,Cascade_AB,613814,1942,HY,0,Water,34,0,0
5000815,Hydro_NonPumped_EP,CAN_ALB,Chin_Chute,608330,1957,HY,0,Water,11,0,0
5000816,Hydro_NonPumped_EP,CAN_ALB,Dickson_Dam,608403,1992,HY,0,Water,16.8,0,0
5000817,Hydro_NonPumped_EP,CAN_ALB,Ghost,613812,1954,HY,0,Water,59,0,0
5000818,Hydro_NonPumped_EP,CAN_ALB,Horseshoe,613801,1911,HY,0,Water,18,0,0
5000819,Hydro_NonPumped_EP,CAN_ALB,Interlakes,613797,1955,HY,0,Water,5,0,0
5000820,Hydro_NonPumped_EP,CAN_ALB,Irrican,587595,2004,HY,0,Water,7,0,0
5000821,Hydro_NonPumped_EP,CAN_ALB,Kananaskis,613792,1951,HY,0,Water,16.8,0,0
5000822,Hydro_NonPumped_EP,CAN_ALB,Oldman_River,618215,2003,HY,0,Water,32.2,0,0
5000823,Hydro_NonPumped_EP,CAN_ALB,Pocaterra,613786,1955,HY,0,Water,12.5,0,0
5000824,Hydro_NonPumped_EP,CAN_ALB,Raymond_Reservoir,608332,1994,HY,0,Water,18,0,0
5000825,Hydro_NonPumped_EP,CAN_ALB,Rundle,613779,1960,HY,0,Water,47.3,0,0
5000826,Hydro_NonPumped_EP,CAN_ALB,Spray,613726,1960,HY,0,Water,104,0,0
5000827,Hydro_NonPumped_EP,CAN_ALB,Taylor_Chute,608383,2000,HY,0,Water,12.6,0,0
5000828,Hydro_NonPumped_EP,CAN_ALB,Three_Sisters,613773,2000,HY,0,Water,2.7,0,0
5000829,Hydro_NonPumped_EP,CAN_ALB,Waterton_CHD,914761,1992,HY,0,Water,2.8,0,0
5000830,Hydro_NonPumped_EP,CAN_BC,Aberfeldie,608213,1953,HY,0,Water,24,0,0
5000831,Hydro_NonPumped_EP,CAN_BC,Akolkolex,676433,1995,HY,0,Water,9,0,0
5000832,Hydro_NonPumped_EP,CAN_BC,Alouette,608216,1928,HY,0,Water,9,0,0
5000833,Hydro_NonPumped_EP,CAN_BC,Arrow_Lakes,623245,2002,HY,0,Water,166,0,0
5000834,Hydro_NonPumped_EP,CAN_BC,Ashlu_Creek,1136905,2010,HY,0,Water,49.8,0,0
5000835,Hydro_NonPumped_EP,CAN_BC,Ash_River,608218,1959,HY,0,Water,27,0,0
5000836,Hydro_NonPumped_EP,CAN_BC,Bone_Creek,632077,2011,HY,0,Water,19,0,0
5000837,Hydro_NonPumped_EP,CAN_BC,Brandywine,676442,2003,HY,0,Water,6,0,0
5000838,Hydro_NonPumped_EP,CAN_BC,Bridge_River_1,608220,1948,HY,0,Water,200,0,0
5000839,Hydro_NonPumped_EP,CAN_BC,Bridge_River_2,608225,1948,HY,0,Water,280,0,0
5000840,Hydro_NonPumped_EP,CAN_BC,Brilliant,587855,2009,HY,0,Water,120,0,0
5000841,Hydro_NonPumped_EP,CAN_BC,Brilliant,587855,1944,HY,0,Water,160,0,0
5000842,Hydro_NonPumped_EP,CAN_BC,Brown_Lake,676444,1996,HY,0,Water,7.2,0,0
5000843,Hydro_NonPumped_EP,CAN_BC,Buntzen_1,608176,1951,HY,0,Water,55,0,0
5000844,Hydro_NonPumped_EP,CAN_BC,Buntzen_2,608178,1951,HY,0,Water,18,0,0
5000845,Hydro_NonPumped_EP,CAN_BC,Canoe_Creek_Hydro_Project,1313147,2010,HY,0,Water,5.5,0,0
5000846,Hydro_NonPumped_EP,CAN_BC,Cheakamus,608181,1957,HY,0,Water,157,0,0
5000847,Hydro_NonPumped_EP,CAN_BC,China_Creek,738002,2005,HY,0,Water,6.5,0,0
5000848,Hydro_NonPumped_EP,CAN_BC,Clayton_Falls,916066,1962,HY,0,Water,0.7,0,0
5000849,Hydro_NonPumped_EP,CAN_BC,Clayton_Falls,916066,1992,HY,0,Water,1.3,0,0
5000850,Hydro_NonPumped_EP,CAN_BC,Clowhom,608184,1957,HY,0,Water,33,0,0
5000851,Hydro_NonPumped_EP,CAN_BC,Corra_Linn,608203,1932,HY,0,Water,40.8,0,0
5000852,Hydro_NonPumped_EP,CAN_BC,Cypress_Creek_Hydro,918091,2009,HY,0,Water,2.8,0,0
5000853,Hydro_NonPumped_EP,CAN_BC,Doran_Taylor,676452,1996,HY,0,Water,3,0,0
5000854,Hydro_NonPumped_EP,CAN_BC,Douglas_Creek,875225,2010,HY,0,Water,23,0,0
5000855,Hydro_NonPumped_EP,CAN_BC,Eagle_Lake,676459,2003,HY,0,Water,0.2,0,0
5000856,Hydro_NonPumped_EP,CAN_BC,East_Toba_River,663556,2010,HY,0,Water,146.1,0,0
5000857,Hydro_NonPumped_EP,CAN_BC,Elko_BC,608186,1924,HY,0,Water,12,0,0
5000858,Hydro_NonPumped_EP,CAN_BC,Falls_River,608189,1930,HY,0,Water,7,0,0
5000859,Hydro_NonPumped_EP,CAN_BC,Fire_Creek,1149418,2010,HY,0,Water,23,0,0
5000860,Hydro_NonPumped_EP,CAN_BC,Fitzsimmons_Creek_Hydro_Project,1197509,2010,HY,0,Water,7.5,0,0
5000861,Hydro_NonPumped_EP,CAN_BC,Furry_Creek,874657,2004,HY,0,Water,10.4,0,0
5000862,Hydro_NonPumped_EP,CAN_BC,Gordon_M_Shrum,608192,1968,HY,0,Water,2730,0,0
5000863,Hydro_NonPumped_EP,CAN_BC,Hystad_Creek,608093,2002,HY,0,Water,6,0,0
5000864,Hydro_NonPumped_EP,CAN_BC,John_Hart,608151,1947,HY,0,Water,126,0,0
5000865,Hydro_NonPumped_EP,CAN_BC,Jordan_River,608158,1971,HY,0,Water,170,0,0
5000866,Hydro_NonPumped_EP,CAN_BC,Kemano,608076,1953,HY,0,Water,148,0,0
5000867,Hydro_NonPumped_EP,CAN_BC,Kootenay_Canal,608160,1975,HY,0,Water,580,0,0
5000868,Hydro_NonPumped_EP,CAN_BC,Ladore_Falls,608165,1956,HY,0,Water,47,0,0
5000869,Hydro_NonPumped_EP,CAN_BC,La_Joie,608168,1957,HY,0,Water,25,0,0
5000870,Hydro_NonPumped_EP,CAN_BC,Lamont_Creek,857413,2010,HY,0,Water,28,0,0
5000871,Hydro_NonPumped_EP,CAN_BC,L_Bonnington,608237,1925,HY,0,Water,47.8,0,0
5000872,Hydro_NonPumped_EP,CAN_BC,Lois_Lake,628963,1930,HY,0,Water,30,0,0
5000873,Hydro_NonPumped_EP,CAN_BC,Lower_Clowhom,1148679,2009,HY,0,Water,11,0,0
5000874,Hydro_NonPumped_EP,CAN_BC,Mamquam_Hydro,629000,1996,HY,0,Water,50,0,0
5000875,Hydro_NonPumped_EP,CAN_BC,Marion_3_Creek_Hydro,874767,2005,HY,0,Water,4.6,0,0
5000876,Hydro_NonPumped_EP,CAN_BC,McNair_Creek_Hydro_Project,874904,2004,HY,0,Water,9.8,0,0
5000877,Hydro_NonPumped_EP,CAN_BC,Mears_Hydro,613313,2004,HY,0,Water,3.8,0,0
5000878,Hydro_NonPumped_EP,CAN_BC,Mica,608170,1976,HY,0,Water,1780,0,0
5000879,Hydro_NonPumped_EP,CAN_BC,Miller_Creek,626345,2003,HY,0,Water,32.5,0,0
5000880,Hydro_NonPumped_EP,CAN_BC,Montrose_Creek,663559,2010,HY,0,Water,89,0,0
5000881,Hydro_NonPumped_EP,CAN_BC,Morehead_Creek,676465,1994,HY,0,Water,0.1,0,0
5000882,Hydro_NonPumped_EP,CAN_BC,Nelson_Hydro_Power_Plant,1358973,1949,HY,0,Water,6,0,0
5000883,Hydro_NonPumped_EP,CAN_BC,Nelson_Hydro_Power_Plant,1358973,1995,HY,0,Water,7.5,0,0
5000884,Hydro_NonPumped_EP,CAN_BC,Nelson_Hydro_Power_Plant,1358973,1908,HY,0,Water,0.8,0,0
5000885,Hydro_NonPumped_EP,CAN_BC,Ocean_Falls,917715,1922,HY,0,Water,15,0,0
5000886,Hydro_NonPumped_EP,CAN_BC,Peace_Canyon,608125,1980,HY,0,Water,680,0,0
5000887,Hydro_NonPumped_EP,CAN_BC,Pingston_Hydroelectric,588150,2003,HY,0,Water,42,0,0
5000888,Hydro_NonPumped_EP,CAN_BC,Powell_River,613780,1911,HY,0,Water,40,0,0
5000889,Hydro_NonPumped_EP,CAN_BC,Ptarmigan_Creek,676467,1993,HY,0,Water,3.6,0,0
5000890,Hydro_NonPumped_EP,CAN_BC,Puntledge,608128,1955,HY,0,Water,24,0,0
5000891,Hydro_NonPumped_EP,CAN_BC,Queen_Charlotte_Station,629004,1990,HY,0,Water,5.7,0,0
5000892,Hydro_NonPumped_EP,CAN_BC,Raging_River,676469,2002,HY,0,Water,1.8,0,0
5000893,Hydro_NonPumped_EP,CAN_BC,Revelstoke,608130,1984,HY,0,Water,2480,0,0
5000894,Hydro_NonPumped_EP,CAN_BC,Ruskin,608135,1930,HY,0,Water,105,0,0
5000895,Hydro_NonPumped_EP,CAN_BC,Rutherford_Creek_Hydro,588090,2004,HY,0,Water,50,0,0
5000896,Hydro_NonPumped_EP,CAN_BC,Scuzzy_Creek,676471,1995,HY,0,Water,6,0,0
5000897,Hydro_NonPumped_EP,CAN_BC,Seaton_Creek,676473,1997,HY,0,Water,0.3,0,0
5000898,Hydro_NonPumped_EP,CAN_BC,Sechelt_Creek,676475,1997,HY,0,Water,12.5,0,0
5000899,Hydro_NonPumped_EP,CAN_BC,Seton,608139,1956,HY,0,Water,48,0,0
5000900,Hydro_NonPumped_EP,CAN_BC,Seven_Mile,608141,1979,HY,0,Water,780,0,0
5000901,Hydro_NonPumped_EP,CAN_BC,Shuswap,608145,1929,HY,0,Water,5.2,0,0
5000902,Hydro_NonPumped_EP,CAN_BC,Skookum_Creek,892341,2013,HY,0,Water,16,0,0
5000903,Hydro_NonPumped_EP,CAN_BC,Soo_River,676506,1994,HY,0,Water,10,0,0
5000904,Hydro_NonPumped_EP,CAN_BC,South_Sutton_Creek_Hydro_Project,874908,2005,HY,0,Water,5.5,0,0
5000905,Hydro_NonPumped_EP,CAN_BC,Spillimacheen,608095,1955,HY,0,Water,4,0,0
5000906,Hydro_NonPumped_EP,CAN_BC,S_Slocan,608205,1928,HY,0,Water,49.9,0,0
5000907,Hydro_NonPumped_EP,CAN_BC,Stave_Falls,608097,1912,HY,0,Water,90,0,0
5000908,Hydro_NonPumped_EP,CAN_BC,St_Mary,914764,1992,HY,0,Water,2.3,0,0
5000909,Hydro_NonPumped_EP,CAN_BC,Stokke_Creek,1149425,2010,HY,0,Water,23,0,0
5000910,Hydro_NonPumped_EP,CAN_BC,Strathcona,608100,1958,HY,0,Water,64,0,0
5000911,Hydro_NonPumped_EP,CAN_BC,Tennant_Lake,917633,1966,HY,0,Water,3.1,0,0
5000912,Hydro_NonPumped_EP,CAN_BC,Thelwood_Hydro,917636,1985,HY,0,Water,8.2,0,0
5000913,Hydro_NonPumped_EP,CAN_BC,Tipella_Creek,857408,2010,HY,0,Water,16.6,0,0
5000914,Hydro_NonPumped_EP,CAN_BC,Tyson_Creek_Hydroelectric_Project,1515303,2009,HY,0,Water,9.3,0,0
5000915,Hydro_NonPumped_EP,CAN_BC,U_Bonnington,608241,1907,HY,0,Water,57.3,0,0
5000916,Hydro_NonPumped_EP,CAN_BC,Upper_Clowhom,1148682,2009,HY,0,Water,11,0,0
5000917,Hydro_NonPumped_EP,CAN_BC,Upper_Mamquam_Hydro,588075,2005,HY,0,Water,25,0,0
5000918,Hydro_NonPumped_EP,CAN_BC,Upper_Stave_Creek,857415,2010,HY,0,Water,33.6,0,0
5000919,Hydro_NonPumped_EP,CAN_BC,Wahleach,608103,1952,HY,0,Water,60,0,0
5000920,Hydro_NonPumped_EP,CAN_BC,Walden_CN,632200,1993,HY,0,Water,15,0,0
5000921,Hydro_NonPumped_EP,CAN_BC,Walter_Hardman,608105,1960,HY,0,Water,8,0,0
5000922,Hydro_NonPumped_EP,CAN_BC,Waneta,588069,1952,HY,0,Water,453.8,0,0
5000923,Hydro_NonPumped_EP,CAN_BC,Whatshan,608108,1972,HY,0,Water,54,0,0
5000031,Hydro_NonPumped_EP,CA_PGE_CEN,A_G_Wishon,293,1910,HY,0,Water,12.8,0,0
5000032,Hydro_NonPumped_EP,CA_PGE_CEN,Angels,215,1940,HY,0,Water,1.4,0,0
5000033,Hydro_NonPumped_EP,CA_PGE_CEN,Balch_1,217,1927,HY,0,Water,31,0,0
5000034,Hydro_NonPumped_EP,CA_PGE_CEN,Balch_2,218,1958,HY,0,Water,97.2,0,0
5000035,Hydro_NonPumped_EP,CA_PGE_CEN,Beardsley,414,1957,HY,0,Water,10,0,0
5000038,Hydro_NonPumped_EP,CA_PGE_CEN,Big_Creek_1,317,1913,HY,0,Water,35.5,0,0
5000037,Hydro_NonPumped_EP,CA_PGE_CEN,Big_Creek_1,317,1923,HY,0,Water,21.6,0,0
5000036,Hydro_NonPumped_EP,CA_PGE_CEN,Big_Creek_1,317,1925,HY,0,Water,31.2,0,0
5000041,Hydro_NonPumped_EP,CA_PGE_CEN,Big_Creek_2,318,1913,HY,0,Water,15.7,0,0
5000042,Hydro_NonPumped_EP,CA_PGE_CEN,Big_Creek_2,318,1914,HY,0,Water,15.7,0,0
5000039,Hydro_NonPumped_EP,CA_PGE_CEN,Big_Creek_2,318,1921,HY,0,Water,17.5,0,0
5000040,Hydro_NonPumped_EP,CA_PGE_CEN,Big_Creek_2,318,1925,HY,0,Water,17.5,0,0
5000043,Hydro_NonPumped_EP,CA_PGE_CEN,Big_Creek_2A,322,1928,HY,0,Water,110,0,0
5000045,Hydro_NonPumped_EP,CA_PGE_CEN,Big_Creek_3,319,1923,HY,0,Water,102,0,0
5000046,Hydro_NonPumped_EP,CA_PGE_CEN,Big_Creek_3,319,1980,HY,0,Water,36.4,0,0
5000044,Hydro_NonPumped_EP,CA_PGE_CEN,Big_Creek_3,319,1948,HY,0,Water,36,0,0
5000047,Hydro_NonPumped_EP,CA_PGE_CEN,Big_Creek_4,320,1951,HY,0,Water,100,0,0
5000048,Hydro_NonPumped_EP,CA_PGE_CEN,Big_Creek_8,321,1921,HY,0,Water,30,0,0
5000049,Hydro_NonPumped_EP,CA_PGE_CEN,Big_Creek_8,321,1929,HY,0,Water,45,0,0
5000050,Hydro_NonPumped_EP,CA_PGE_CEN,Camanche,537,1983,HY,0,Water,10.8,0,0
5000051,Hydro_NonPumped_EP,CA_PGE_CEN,Collierville_Powerhouse,54555,1989,HY,0,Water,253,0,0
5000052,Hydro_NonPumped_EP,CA_PGE_CEN,Dion_R_Holm,380,1960,HY,0,Water,156.8,0,0
5000053,Hydro_NonPumped_EP,CA_PGE_CEN,Donnells,415,1957,HY,0,Water,72,0,0
5000054,Hydro_NonPumped_EP,CA_PGE_CEN,Don_Pedro,439,1971,HY,0,Water,136.5,0,0
5000055,Hydro_NonPumped_EP,CA_PGE_CEN,Don_Pedro,439,1989,HY,0,Water,34.3,0,0
5000056,Hydro_NonPumped_EP,CA_PGE_CEN,Electra,239,1948,HY,0,Water,102.5,0,0
5000057,Hydro_NonPumped_EP,CA_PGE_CEN,Exchequer,409,1967,HY,0,Water,94.5,0,0
5000058,Hydro_NonPumped_EP,CA_PGE_CEN,Frankenheimer_Power_Plant,50219,1983,HY,0,Water,5.3,0,0
5000060,Hydro_NonPumped_EP,CA_PGE_CEN,Friant_Hydro_Facility,50393,1985,HY,0,Water,12.2,0,0
5000059,Hydro_NonPumped_EP,CA_PGE_CEN,Friant_Hydro_Facility,50393,1986,HY,0,Water,18.4,0,0
5000061,Hydro_NonPumped_EP,CA_PGE_CEN,Haas,240,1958,HY,0,Water,135,0,0
5000062,Hydro_Pumped_EP,CA_PGE_CEN,Helms_Pumped_Storage,6100,1984,PS,0,Water,1053,0,0
5000063,Hydro_NonPumped_EP,CA_PGE_CEN,Hickman,162,1979,HY,0,Water,1,0,0
5000064,Hydro_Pumped_EP,CA_PGE_CEN,J_S_Eastwood,104,1987,PS,0,Water,199.8,0,0
5000065,Hydro_NonPumped_EP,CA_PGE_CEN,Kerckhoff,250,1920,HY,0,Water,22.6,0,0
5000066,Hydro_NonPumped_EP,CA_PGE_CEN,Kerckhoff_2,682,1983,HY,0,Water,139.5,0,0
5000067,Hydro_NonPumped_EP,CA_PGE_CEN,Kings_River,254,1962,HY,0,Water,48.6,0,0
5000068,Hydro_NonPumped_EP,CA_PGE_CEN,La_Grange,440,1924,HY,0,Water,4.5,0,0
5000069,Hydro_NonPumped_EP,CA_PGE_CEN,Mammoth_Pool,344,1960,HY,0,Water,190,0,0
5000070,Hydro_NonPumped_EP,CA_PGE_CEN,McSwain,410,1967,HY,0,Water,9,0,0
5000071,Hydro_NonPumped_EP,CA_PGE_CEN,Merced_Falls,258,1930,HY,0,Water,3.4,0,0
5000072,Hydro_NonPumped_EP,CA_PGE_CEN,Moccasin,381,1969,HY,0,Water,100,0,0
5000073,Hydro_NonPumped_EP,CA_PGE_CEN,Moccasin_Low_Head_Hydro_Project,751,1987,HY,0,Water,2.9,0,0
5000074,Hydro_NonPumped_EP,CA_PGE_CEN,Murphys,261,1954,HY,0,Water,4.5,0,0
5000075,Hydro_NonPumped_EP,CA_PGE_CEN,New_Hogan_Power_Plant,50755,1989,HY,0,Water,2.8,0,0
5000076,Hydro_NonPumped_EP,CA_PGE_CEN,New_Melones,6158,1979,HY,0,Water,300,0,0
5000077,Hydro_Pumped_EP,CA_PGE_CEN,ONeill,446,1967,PS,0,Water,12.6,0,0
5000078,Hydro_Pumped_EP,CA_PGE_CEN,ONeill,446,1968,PS,0,Water,12.6,0,0
5000079,Hydro_NonPumped_EP,CA_PGE_CEN,Pardee,376,1983,HY,0,Water,8.6,0,0
5000080,Hydro_NonPumped_EP,CA_PGE_CEN,Pardee,376,1930,HY,0,Water,15,0,0
5000081,Hydro_NonPumped_EP,CA_PGE_CEN,Parker,428,1982,HY,0,Water,2.7,0,0
5000082,Hydro_NonPumped_EP,CA_PGE_CEN,Phoenix,264,1940,HY,0,Water,1.6,0,0
5000083,Hydro_NonPumped_EP,CA_PGE_CEN,Pine_Flat,7907,1984,HY,0,Water,165,0,0
5000084,Hydro_NonPumped_EP,CA_PGE_CEN,R_C_Kirkwood,382,1987,HY,0,Water,36.5,0,0
5000085,Hydro_NonPumped_EP,CA_PGE_CEN,R_C_Kirkwood,382,1967,HY,0,Water,79,0,0
5000086,Hydro_NonPumped_EP,CA_PGE_CEN,Salt_Springs,279,1953,HY,0,Water,29.7,0,0
5000087,Hydro_NonPumped_EP,CA_PGE_CEN,Salt_Springs,279,1931,HY,0,Water,12.3,0,0
5000088,Hydro_NonPumped_EP,CA_PGE_CEN,Sand_Bar_Power_Plant,50400,1986,HY,0,Water,16.2,0,0
5000089,Hydro_NonPumped_EP,CA_PGE_CEN,San_Joaquin_2,276,1917,HY,0,Water,2.8,0,0
5000090,Hydro_NonPumped_EP,CA_PGE_CEN,San_Joaquin_3,277,1923,HY,0,Water,4,0,0
5000091,Hydro_NonPumped_EP,CA_PGE_CEN,Site_980_65,50322,1985,HY,0,Water,2.1,0,0
5000092,Hydro_NonPumped_EP,CA_PGE_CEN,Spicer_Meadow_Project,54554,1989,HY,0,Water,5.9,0,0
5000093,Hydro_NonPumped_EP,CA_PGE_CEN,Spring_Gap,284,1921,HY,0,Water,6,0,0
5000094,Hydro_NonPumped_EP,CA_PGE_CEN,Stanislaus,285,1963,HY,0,Water,81.9,0,0
5000095,Hydro_NonPumped_EP,CA_PGE_CEN,Tiger_Creek,287,1931,HY,0,Water,52.2,0,0
5000096,Hydro_NonPumped_EP,CA_PGE_CEN,Tulloch,416,1958,HY,0,Water,17,0,0
5000097,Hydro_NonPumped_EP,CA_PGE_CEN,Turlock_Lake,161,1980,HY,0,Water,3.3,0,0
5000098,Hydro_NonPumped_EP,CA_PGE_CEN,Upper_Dawson,489,1983,HY,0,Water,4.4,0,0
5000099,Hydro_NonPumped_EP,CA_PGE_CEN,West_Point,291,1948,HY,0,Water,13.6,0,0
5000100,Hydro_NonPumped_EP,CA_PGE_CEN,Woodward_Power_Plant,50218,1982,HY,0,Water,2.8,0,0
5000101,Hydro_Pumped_EP,CA_PGE_CEN,W_R_Gianelli,448,1968,PS,0,Water,106,0,0
5000102,Hydro_Pumped_EP,CA_PGE_CEN,W_R_Gianelli,448,1967,PS,0,Water,318,0,0
5000103,Hydro_NonPumped_EP,CA_PGE_N,Alta_Powerhouse,214,1902,HY,0,Water,1,0,0
5000104,Hydro_NonPumped_EP,CA_PGE_N,Bear_Creek,50156,1990,HY,0,Water,3.2,0,0
5000105,Hydro_NonPumped_EP,CA_PGE_N,Belden,219,1969,HY,0,Water,117.9,0,0
5000106,Hydro_NonPumped_EP,CA_PGE_N,Bidwell_Ditch_Project,10880,1987,HY,0,Water,1.8,0,0
5000107,Hydro_NonPumped_EP,CA_PGE_N,Big_Creek_Water_Works,10282,1987,HY,0,Water,5,0,0
5000108,Hydro_NonPumped_EP,CA_PGE_N,Black_Butte,7229,1988,HY,0,Water,6.1,0,0
5000109,Hydro_NonPumped_EP,CA_PGE_N,Bowman,50546,1986,HY,0,Water,3.6,0,0
5000110,Hydro_NonPumped_EP,CA_PGE_N,Bucks_Creek,220,1928,HY,0,Water,66,0,0
5000111,Hydro_NonPumped_EP,CA_PGE_N,Burney_Creek,10706,1990,HY,0,Water,3,0,0
5000112,Hydro_NonPumped_EP,CA_PGE_N,Butt_Valley,221,1958,HY,0,Water,40,0,0
5000113,Hydro_NonPumped_EP,CA_PGE_N,Camino,430,1963,HY,0,Water,78.9,0,0
5000114,Hydro_NonPumped_EP,CA_PGE_N,Camino,430,1968,HY,0,Water,78.9,0,0
5000115,Hydro_NonPumped_EP,CA_PGE_N,Camp_Far_West,531,1985,HY,0,Water,7.2,0,0
5000117,Hydro_NonPumped_EP,CA_PGE_N,Caribou_1,222,1921,HY,0,Water,48.8,0,0
5000116,Hydro_NonPumped_EP,CA_PGE_N,Caribou_1,222,1924,HY,0,Water,25,0,0
5000118,Hydro_NonPumped_EP,CA_PGE_N,Caribou_2,223,1958,HY,0,Water,117.9,0,0
5000119,Hydro_NonPumped_EP,CA_PGE_N,Chicago_Park,412,1965,HY,0,Water,44,0,0
5000120,Hydro_NonPumped_EP,CA_PGE_N,Chili_Bar,225,1965,HY,0,Water,7,0,0
5000121,Hydro_NonPumped_EP,CA_PGE_N,Coleman,227,1979,HY,0,Water,12.1,0,0
5000122,Hydro_NonPumped_EP,CA_PGE_N,Colgate,454,1969,HY,0,Water,315,0,0
5000123,Hydro_NonPumped_EP,CA_PGE_N,Combie_South,846,1984,HY,0,Water,1.5,0,0
5000124,Hydro_NonPumped_EP,CA_PGE_N,Cove_Hydroelectric,10707,1990,HY,0,Water,5,0,0
5000125,Hydro_NonPumped_EP,CA_PGE_N,Cow_Creek,229,1907,HY,0,Water,1.4,0,0
5000127,Hydro_NonPumped_EP,CA_PGE_N,Cresta,231,1950,HY,0,Water,36.9,0,0
5000126,Hydro_NonPumped_EP,CA_PGE_N,Cresta,231,1949,HY,0,Water,36.9,0,0
5000128,Hydro_NonPumped_EP,CA_PGE_N,Deadwood_Creek,7507,1993,HY,0,Water,2,0,0
5000129,Hydro_NonPumped_EP,CA_PGE_N,Deer_Creek,233,1908,HY,0,Water,5.5,0,0
5000130,Hydro_NonPumped_EP,CA_PGE_N,De_Sabla,232,1963,HY,0,Water,18.4,0,0
5000131,Hydro_NonPumped_EP,CA_PGE_N,Drum_1,235,1928,HY,0,Water,13.2,0,0
5000132,Hydro_NonPumped_EP,CA_PGE_N,Drum_1,235,1913,HY,0,Water,24,0,0
5000133,Hydro_NonPumped_EP,CA_PGE_N,Drum_1,235,1922,HY,0,Water,12,0,0
5000134,Hydro_NonPumped_EP,CA_PGE_N,Drum_2,236,1965,HY,0,Water,53.1,0,0
5000135,Hydro_NonPumped_EP,CA_PGE_N,Dutch_Flat,237,1943,HY,0,Water,22,0,0
5000136,Hydro_NonPumped_EP,CA_PGE_N,Dutch_Flat_2,413,1965,HY,0,Water,27.3,0,0
5000137,Hydro_NonPumped_EP,CA_PGE_N,Edward_C_Hyatt,437,1968,HY,0,Water,351,0,0
5000138,Hydro_NonPumped_EP,CA_PGE_N,El_Dorado,238,1924,HY,0,Water,20,0,0
5000139,Hydro_NonPumped_EP,CA_PGE_N,Forbestown,417,1963,HY,0,Water,41.9,0,0
5000140,Hydro_NonPumped_EP,CA_PGE_N,Forks_of_Butte_Hydro_Project,50350,1992,HY,0,Water,14.5,0,0
5000141,Hydro_NonPumped_EP,CA_PGE_N,French_Meadows,424,1966,HY,0,Water,15.3,0,0
5000142,Hydro_NonPumped_EP,CA_PGE_N,Gosselin_Hydro_Plant,10128,1983,HY,0,Water,2,0,0
5000143,Hydro_NonPumped_EP,CA_PGE_N,Grizzly,7338,1993,HY,0,Water,22,0,0
5000144,Hydro_NonPumped_EP,CA_PGE_N,Halsey,241,1916,HY,0,Water,13.6,0,0
5000145,Hydro_NonPumped_EP,CA_PGE_N,Hamilton_Branch,242,1921,HY,0,Water,5.3,0,0
5000146,Hydro_NonPumped_EP,CA_PGE_N,Hatchet_Creek_Project,10882,1986,HY,0,Water,6.8,0,0
5000147,Hydro_NonPumped_EP,CA_PGE_N,Hat_Creek_1,243,1921,HY,0,Water,10,0,0
5000148,Hydro_NonPumped_EP,CA_PGE_N,Hat_Creek_2,244,1921,HY,0,Water,10,0,0
5000149,Hydro_NonPumped_EP,CA_PGE_N,Haypress,10253,1988,HY,0,Water,5,0,0
5000150,Hydro_NonPumped_EP,CA_PGE_N,Haypress,10253,1989,HY,0,Water,5,0,0
5000151,Hydro_NonPumped_EP,CA_PGE_N,Indian_Valley_Dam_Hydro_Project,50129,1983,HY,0,Water,3.7,0,0
5000152,Hydro_NonPumped_EP,CA_PGE_N,Inskip,248,1979,HY,0,Water,7.6,0,0
5000153,Hydro_NonPumped_EP,CA_PGE_N,James_B_Black,249,1965,HY,0,Water,83.5,0,0
5000154,Hydro_NonPumped_EP,CA_PGE_N,James_B_Black,249,1966,HY,0,Water,85.1,0,0
5000155,Hydro_NonPumped_EP,CA_PGE_N,Jaybird,431,1962,HY,0,Water,80.8,0,0
5000156,Hydro_NonPumped_EP,CA_PGE_N,Jaybird,431,1961,HY,0,Water,80.8,0,0
5000157,Hydro_NonPumped_EP,CA_PGE_N,Jones_Fork,534,1985,HY,0,Water,10,0,0
5000158,Hydro_NonPumped_EP,CA_PGE_N,Judge_F_Carr,442,1963,HY,0,Water,154.4,0,0
5000159,Hydro_NonPumped_EP,CA_PGE_N,Kanaka,54653,1988,HY,0,Water,1.1,0,0
5000160,Hydro_NonPumped_EP,CA_PGE_N,Kekawaka_Power_House,54654,1989,HY,0,Water,4.9,0,0
5000161,Hydro_NonPumped_EP,CA_PGE_N,Kelly_Ridge,418,1963,HY,0,Water,10,0,0
5000162,Hydro_NonPumped_EP,CA_PGE_N,Keswick,443,1950,HY,0,Water,39,0,0
5000163,Hydro_NonPumped_EP,CA_PGE_N,Keswick,443,1949,HY,0,Water,78,0,0
5000164,Hydro_NonPumped_EP,CA_PGE_N,Kilarc,253,1904,HY,0,Water,3,0,0
5000165,Hydro_NonPumped_EP,CA_PGE_N,Lake_Mendocino,7489,1987,HY,0,Water,3.5,0,0
5000166,Hydro_NonPumped_EP,CA_PGE_N,Lime_Saddle,255,1906,HY,0,Water,2,0,0
5000167,Hydro_NonPumped_EP,CA_PGE_N,Loon_Lake,432,1971,HY,0,Water,74.1,0,0
5000168,Hydro_NonPumped_EP,CA_PGE_N,Middle_Fork,425,1966,HY,0,Water,116.1,0,0
5000169,Hydro_NonPumped_EP,CA_PGE_N,Montgomery_Creek_Hydro,55009,1987,HY,0,Water,2.6,0,0
5000170,Hydro_NonPumped_EP,CA_PGE_N,Monticello,7646,1983,HY,0,Water,11.5,0,0
5000171,Hydro_NonPumped_EP,CA_PGE_N,Muck_Valley_Hydroelectric,10458,1988,HY,0,Water,29.9,0,0
5000172,Hydro_NonPumped_EP,CA_PGE_N,Narrows,262,1942,HY,0,Water,10.2,0,0
5000173,Hydro_NonPumped_EP,CA_PGE_N,Narrows_2,455,1969,HY,0,Water,46.7,0,0
5000174,Hydro_NonPumped_EP,CA_PGE_N,Nelson_Creek,50223,1989,HY,0,Water,1.2,0,0
5000175,Hydro_NonPumped_EP,CA_PGE_N,Newcastle,632,1986,HY,0,Water,12.7,0,0
5000176,Hydro_NonPumped_EP,CA_PGE_N,Oak_Flat,626,1985,HY,0,Water,1.4,0,0
5000177,Hydro_NonPumped_EP,CA_PGE_N,Olsen,50180,1990,HY,0,Water,5,0,0
5000178,Hydro_NonPumped_EP,CA_PGE_N,Oxbow,426,1966,HY,0,Water,6.1,0,0
5000179,Hydro_NonPumped_EP,CA_PGE_N,Pit_1,265,1922,HY,0,Water,69.2,0,0
5000180,Hydro_NonPumped_EP,CA_PGE_N,Pit_3,266,1925,HY,0,Water,80.1,0,0
5000181,Hydro_NonPumped_EP,CA_PGE_N,Pit_4,267,1955,HY,0,Water,103.4,0,0
5000182,Hydro_NonPumped_EP,CA_PGE_N,Pit_5,268,1944,HY,0,Water,141.6,0,0
5000183,Hydro_NonPumped_EP,CA_PGE_N,Pit_6,269,1965,HY,0,Water,79.2,0,0
5000184,Hydro_NonPumped_EP,CA_PGE_N,Pit_7,270,1965,HY,0,Water,109.8,0,0
5000185,Hydro_NonPumped_EP,CA_PGE_N,Poe,272,1958,HY,0,Water,142.8,0,0
5000186,Hydro_NonPumped_EP,CA_PGE_N,Ponderosa_Bailey_Creek,10709,1990,HY,0,Water,1.1,0,0
5000187,Hydro_NonPumped_EP,CA_PGE_N,Potter_Valley,274,1910,HY,0,Water,2,0,0
5000188,Hydro_NonPumped_EP,CA_PGE_N,Potter_Valley,274,1939,HY,0,Water,4.4,0,0
5000189,Hydro_NonPumped_EP,CA_PGE_N,Potter_Valley,274,1917,HY,0,Water,3,0,0
5000190,Hydro_NonPumped_EP,CA_PGE_N,Ralston,427,1966,HY,0,Water,79.2,0,0
5000191,Hydro_NonPumped_EP,CA_PGE_N,Roaring_Creek_Water_Power,10881,1986,HY,0,Water,2,0,0
5000192,Hydro_NonPumped_EP,CA_PGE_N,Robbs_Peak,433,1965,HY,0,Water,25.5,0,0
5000193,Hydro_NonPumped_EP,CA_PGE_N,Rock_Creek,275,1950,HY,0,Water,124.6,0,0
5000194,Hydro_NonPumped_EP,CA_PGE_N,Rock_Creek_LP,50892,1986,HY,0,Water,3,0,0
5000195,Hydro_NonPumped_EP,CA_PGE_N,Rollins,34,1980,HY,0,Water,12.1,0,0
5000196,Hydro_NonPumped_EP,CA_PGE_N,Scott_Flat,839,1985,HY,0,Water,1,0,0
5000197,Hydro_NonPumped_EP,CA_PGE_N,Shasta,445,1949,HY,0,Water,142,0,0
5000198,Hydro_NonPumped_EP,CA_PGE_N,Shasta,445,1948,HY,0,Water,284,0,0
5000199,Hydro_NonPumped_EP,CA_PGE_N,Shasta,445,1944,HY,0,Water,288,0,0
5000200,Hydro_NonPumped_EP,CA_PGE_N,Slate_Creek,50961,1990,HY,0,Water,4.2,0,0
5000201,Hydro_NonPumped_EP,CA_PGE_N,Sly_Creek,776,1983,HY,0,Water,12.1,0,0
5000202,Hydro_NonPumped_EP,CA_PGE_N,South,280,1979,HY,0,Water,6.7,0,0
5000203,Hydro_NonPumped_EP,CA_PGE_N,Spaulding_1,281,1928,HY,0,Water,7,0,0
5000204,Hydro_NonPumped_EP,CA_PGE_N,Spaulding_2,282,1928,HY,0,Water,3.7,0,0
5000205,Hydro_NonPumped_EP,CA_PGE_N,Spaulding_3,283,1929,HY,0,Water,6.6,0,0
5000206,Hydro_NonPumped_EP,CA_PGE_N,Spring_Creek,450,1964,HY,0,Water,180,0,0
5000207,Hydro_NonPumped_EP,CA_PGE_N,Stampede,7066,1988,HY,0,Water,3.6,0,0
5000208,Hydro_NonPumped_EP,CA_PGE_N,Stony_Gorge,7151,1986,HY,0,Water,5,0,0
5000209,Hydro_NonPumped_EP,CA_PGE_N,Thermalito,438,1968,HY,0,Water,32.6,0,0
5000210,Hydro_NonPumped_EP,CA_PGE_N,Thermalito_Diverson_Dam,7129,1987,HY,0,Water,3.4,0,0
5000211,Hydro_NonPumped_EP,CA_PGE_N,Three_Forks_Water_Power_Project,54308,1984,HY,0,Water,1.3,0,0
5000212,Hydro_NonPumped_EP,CA_PGE_N,Toadtown,714,1986,HY,0,Water,1.8,0,0
5000213,Hydro_NonPumped_EP,CA_PGE_N,Trinity,451,1964,HY,0,Water,140,0,0
5000214,Hydro_NonPumped_EP,CA_PGE_N,Union_Valley,6612,1963,HY,0,Water,38.6,0,0
5000215,Hydro_NonPumped_EP,CA_PGE_N,Volta_1,290,1980,HY,0,Water,8.5,0,0
5000216,Hydro_NonPumped_EP,CA_PGE_N,Volta_2,180,1981,HY,0,Water,1,0,0
5000217,Hydro_NonPumped_EP,CA_PGE_N,Warm_Springs_Hydro_Project,54261,1988,HY,0,Water,2.7,0,0
5000218,Hydro_NonPumped_EP,CA_PGE_N,Whiskeytown,7189,1986,HY,0,Water,3.5,0,0
5000219,Hydro_NonPumped_EP,CA_PGE_N,White_Rock/Slab_Creek,435,1968,HY,0,Water,266,0,0
5000220,Hydro_NonPumped_EP,CA_PGE_N,Wise,292,1917,HY,0,Water,13.6,0,0
5000221,Hydro_NonPumped_EP,CA_PGE_N,Wise,292,1986,HY,0,Water,2.8,0,0
5000222,Hydro_NonPumped_EP,CA_PGE_N,Woodleaf,419,1963,HY,0,Water,59,0,0
5000223,Hydro_NonPumped_EP,CA_PGE_S,Kern_Canyon,7911,1921,HY,0,Water,9.5,0,0
5000224,Hydro_NonPumped_EP,CA_PGE_S,Kern_River_1,340,1907,HY,0,Water,26,0,0
5000225,Hydro_NonPumped_EP,CA_PGE_S,Nacimiento_Hydro_Project,50352,1987,HY,0,Water,4.2,0,0
5000226,Hydro_NonPumped_EP,CA_PGE_S,Rio_Bravo_Hydro_Project,50037,1989,HY,0,Water,14,0,0
5000227,Hydro_NonPumped_EP,CA_SCE_CEN,Alamo,905,1986,HY,0,Water,19.6,0,0
5000228,Hydro_NonPumped_EP,CA_SCE_CEN,Big_Pine,391,1925,HY,0,Water,3.2,0,0
5000230,Hydro_NonPumped_EP,CA_SCE_CEN,Bishop_Creek_2,323,1908,HY,0,Water,5,0,0
5000229,Hydro_NonPumped_EP,CA_SCE_CEN,Bishop_Creek_2,323,1911,HY,0,Water,2.3,0,0
5000231,Hydro_NonPumped_EP,CA_SCE_CEN,Bishop_Creek_3,324,1913,HY,0,Water,7.7,0,0
5000234,Hydro_NonPumped_EP,CA_SCE_CEN,Bishop_Creek_4,325,1906,HY,0,Water,1.9,0,0
5000233,Hydro_NonPumped_EP,CA_SCE_CEN,Bishop_Creek_4,325,1907,HY,0,Water,1.9,0,0
5000232,Hydro_NonPumped_EP,CA_SCE_CEN,Bishop_Creek_4,325,1909,HY,0,Water,1.9,0,0
5000235,Hydro_NonPumped_EP,CA_SCE_CEN,Bishop_Creek_4,325,1905,HY,0,Water,2,0,0
5000236,Hydro_NonPumped_EP,CA_SCE_CEN,Bishop_Creek_5,326,1919,HY,0,Water,2.5,0,0
5000237,Hydro_NonPumped_EP,CA_SCE_CEN,Bishop_Creek_5,326,1943,HY,0,Water,2,0,0
5000238,Hydro_NonPumped_EP,CA_SCE_CEN,Bishop_Creek_6,327,1913,HY,0,Water,1.6,0,0
5000239,Hydro_NonPumped_EP,CA_SCE_CEN,Borel,328,1932,HY,0,Water,6,0,0
5000240,Hydro_NonPumped_EP,CA_SCE_CEN,Borel,328,1904,HY,0,Water,6,0,0
5000241,Hydro_Pumped_EP,CA_SCE_CEN,Castaic,392,1978,PS,0,Water,425,0,0
5000242,Hydro_Pumped_EP,CA_SCE_CEN,Castaic,392,1974,PS,0,Water,212.5,0,0
5000243,Hydro_Pumped_EP,CA_SCE_CEN,Castaic,392,1977,PS,0,Water,425,0,0
5000244,Hydro_Pumped_EP,CA_SCE_CEN,Castaic,392,1973,PS,0,Water,212.5,0,0
5000245,Hydro_NonPumped_EP,CA_SCE_CEN,Control_Gorge,393,1952,HY,0,Water,37.5,0,0
5000246,Hydro_NonPumped_EP,CA_SCE_CEN,Cottonwood,394,1908,HY,0,Water,1.2,0,0
5000247,Hydro_NonPumped_EP,CA_SCE_CEN,Cottonwood,394,1909,HY,0,Water,1.2,0,0
5000248,Hydro_NonPumped_EP,CA_SCE_CEN,Foothill,396,1971,HY,0,Water,11,0,0
5000249,Hydro_NonPumped_EP,CA_SCE_CEN,Foothill_Feeder,6645,1981,HY,0,Water,9,0,0
5000250,Hydro_NonPumped_EP,CA_SCE_CEN,Haiwee,398,1927,HY,0,Water,5.6,0,0
5000251,Hydro_NonPumped_EP,CA_SCE_CEN,Isabella_Hydro_Project,10139,1990,HY,0,Water,11.8,0,0
5000252,Hydro_NonPumped_EP,CA_SCE_CEN,Kern_River_3,339,1921,HY,0,Water,40.1,0,0
5000253,Hydro_NonPumped_EP,CA_SCE_CEN,Lundy,342,1912,HY,0,Water,1.5,0,0
5000254,Hydro_NonPumped_EP,CA_SCE_CEN,Lundy,342,1911,HY,0,Water,1.5,0,0
5000255,Hydro_NonPumped_EP,CA_SCE_CEN,Middle_Gorge,401,1952,HY,0,Water,37.5,0,0
5000256,Hydro_NonPumped_EP,CA_SCE_CEN,Mojave_Siphon,7072,1996,HY,0,Water,32.7,0,0
5000257,Hydro_NonPumped_EP,CA_SCE_CEN,Pleasant_Valley,402,1958,HY,0,Water,3.2,0,0
5000258,Hydro_NonPumped_EP,CA_SCE_CEN,Poole,353,1924,HY,0,Water,11.2,0,0
5000259,Hydro_NonPumped_EP,CA_SCE_CEN,Portal,354,1956,HY,0,Water,10.8,0,0
5000260,Hydro_NonPumped_EP,CA_SCE_CEN,Rush_Creek,357,1916,HY,0,Water,5.8,0,0
5000261,Hydro_NonPumped_EP,CA_SCE_CEN,Rush_Creek,357,1917,HY,0,Water,7.2,0,0
5000262,Hydro_NonPumped_EP,CA_SCE_CEN,San_Dimas,6646,1981,HY,0,Water,9.9,0,0
5000263,Hydro_NonPumped_EP,CA_SCE_CEN,San_Francisquito_1,6479,1987,HY,0,Water,25,0,0
5000264,Hydro_NonPumped_EP,CA_SCE_CEN,San_Francisquito_1,6479,1917,HY,0,Water,9.3,0,0
5000265,Hydro_NonPumped_EP,CA_SCE_CEN,San_Francisquito_1,6479,1983,HY,0,Water,25,0,0
5000266,Hydro_NonPumped_EP,CA_SCE_CEN,San_Francisquito_1,6479,1923,HY,0,Water,10,0,0
5000267,Hydro_NonPumped_EP,CA_SCE_CEN,San_Francisquito_2,6480,1920,HY,0,Water,14,0,0
5000268,Hydro_NonPumped_EP,CA_SCE_CEN,San_Francisquito_2,6480,1932,HY,0,Water,14,0,0
5000269,Hydro_NonPumped_EP,CA_SCE_CEN,Santa_Ana_1,361,1899,HY,0,Water,3.2,0,0
5000270,Hydro_NonPumped_EP,CA_SCE_CEN,Upper_Gorge,407,1953,HY,0,Water,37.5,0,0
5000271,Hydro_NonPumped_EP,CA_SCE_CEN,W_E_Warne,6196,1982,HY,0,Water,37.1,0,0
5000272,Hydro_NonPumped_EP,CA_SCE_CEN,W_E_Warne,6196,1983,HY,0,Water,37.1,0,0
5000273,Hydro_NonPumped_EP,CA_SCE_S,Azusa,6449,1949,HY,0,Water,3,0,0
5000274,Hydro_NonPumped_EP,CA_SCE_S,Corona,480,1983,HY,0,Water,2.9,0,0
5000275,Hydro_NonPumped_EP,CA_SCE_S,Coyote_Creek,483,1984,HY,0,Water,3.1,0,0
5000276,Hydro_NonPumped_EP,CA_SCE_S,Devil_Canyon,436,1976,HY,0,Water,59.8,0,0
5000277,Hydro_NonPumped_EP,CA_SCE_S,Devil_Canyon,436,1992,HY,0,Water,78.3,0,0
5000278,Hydro_NonPumped_EP,CA_SCE_S,Devil_Canyon,436,1994,HY,0,Water,78.3,0,0
5000279,Hydro_NonPumped_EP,CA_SCE_S,Devil_Canyon,436,1972,HY,0,Water,59.8,0,0
5000280,Hydro_NonPumped_EP,CA_SCE_S,Diamond_Valley_Lake,7942,2001,HY,0,Water,29.7,0,0
5000281,Hydro_NonPumped_EP,CA_SCE_S,Etiwanda,745,1994,HY,0,Water,23.9,0,0
5000282,Hydro_NonPumped_EP,CA_SCE_S,Fontana,332,1917,HY,0,Water,2.8,0,0
5000283,Hydro_NonPumped_EP,CA_SCE_S,Lake_Mathews,6644,1980,HY,0,Water,4.9,0,0
5000284,Hydro_NonPumped_EP,CA_SCE_S,Mill_Creek_3,7147,1903,HY,0,Water,1,0,0
5000285,Hydro_NonPumped_EP,CA_SCE_S,Mill_Creek_3,7147,1904,HY,0,Water,2,0,0
5000286,Hydro_NonPumped_EP,CA_SCE_S,Perris,481,1983,HY,0,Water,7.9,0,0
5000287,Hydro_NonPumped_EP,CA_SCE_S,Rio_Hondo,482,1984,HY,0,Water,1.9,0,0
5000288,Hydro_NonPumped_EP,CA_SCE_S,San_Dimas_Wash_Generating_Station,50233,1986,HY,0,Water,1,0,0
5000289,Hydro_NonPumped_EP,CA_SCE_S,San_Gabriel_Hydro_Project,54017,1987,HY,0,Water,5,0,0
5000290,Hydro_NonPumped_EP,CA_SCE_S,Santa_Ana_3,363,1999,HY,0,Water,3.1,0,0
5000291,Hydro_NonPumped_EP,CA_SCE_S,Temescal,479,1983,HY,0,Water,2.9,0,0
5000292,Hydro_NonPumped_EP,CA_SCE_S,Valley_View,487,1985,HY,0,Water,4.1,0,0
5000293,Hydro_NonPumped_EP,CA_SCE_S,Yorba_Linda,6647,1981,HY,0,Water,5.1,0,0
5000294,Hydro_NonPumped_EP,CA_SCE_SE,Headgate_Rock,7179,1993,HY,0,Water,19.5,0,0
5000295,Hydro_NonPumped_EP,CA_SCE_SE,Parker_Dam,447,1943,HY,0,Water,60,0,0
5000296,Hydro_NonPumped_EP,CA_SCE_SE,Parker_Dam,447,1942,HY,0,Water,60,0,0
5000297,Hydro_NonPumped_EP,CA_SCE_VLY,Kaweah_1,337,1929,HY,0,Water,2.2,0,0
5000298,Hydro_NonPumped_EP,CA_SCE_VLY,Kaweah_2,336,1929,HY,0,Water,1.8,0,0
5000299,Hydro_NonPumped_EP,CA_SCE_VLY,Kaweah_3,338,1913,HY,0,Water,4.8,0,0
5000300,Hydro_NonPumped_EP,CA_SCE_VLY,Springville_Hydroelectric,56125,1994,HY,0,Water,1,0,0
5000301,Hydro_NonPumped_EP,CA_SCE_VLY,Terminus_Hydroelectric_Project,54343,1990,HY,0,Water,20.1,0,0
5000302,Hydro_NonPumped_EP,CA_SCE_VLY,Tulare_Success_Power_Project,10222,1989,HY,0,Water,1.4,0,0
5000303,Hydro_NonPumped_EP,CA_SCE_VLY,Tule_River,289,1914,HY,0,Water,8.4,0,0
5000304,Hydro_NonPumped_EP,CA_SDGE,Gas_Utilization_Facility,50492,2002,HY,0,Water,1.5,0,0
5000305,Hydro_NonPumped_EP,CA_SDGE,Rancho_Penasquitos,56615,2007,HY,0,Water,4.6,0,0
5000306,Hydro_NonPumped_EP,CA_SDGE,Red_Mountain,484,1985,HY,0,Water,5.9,0,0
5000307,Hydro_NonPumped_EP,CA_SMUD,Folsom,441,1955,HY,0,Water,198.6,0,0
5000308,Hydro_NonPumped_EP,CA_SMUD,Nimbus,444,1955,HY,0,Water,13.4,0,0
5000309,Hydro_NonPumped_EP,CO_DEN,Big_Thompson,515,1959,HY,0,Water,4.5,0,0
5000310,Hydro_NonPumped_EP,CO_DEN,Boulder_Canyon_Hydro,466,1911,HY,0,Water,10,0,0
5000311,Hydro_NonPumped_EP,CO_DEN,Boulder_City_Betasso_Hydroelectric_Plant,54680,1987,HY,0,Water,3,0,0
5000312,Hydro_NonPumped_EP,CO_DEN,Boulder_City_Lakewood_Hydro,54679,2004,HY,0,Water,3.5,0,0
5000313,Hydro_NonPumped_EP,CO_DEN,Boulder_City_Silver_Lake_Hydro,55931,2000,HY,0,Water,3.3,0,0
5000314,Hydro_NonPumped_EP,CO_DEN,Estes,513,1950,HY,0,Water,45,0,0
5000315,Hydro_NonPumped_EP,CO_DEN,Flatiron,518,1954,HY,0,Water,86,0,0
5000316,Hydro_Pumped_EP,CO_DEN,Flatiron,518,1954,PS,0,Water,8.5,0,0
5000317,Hydro_NonPumped_EP,CO_DEN,Foothills_Hydro_Plant,10070,1985,HY,0,Water,3.1,0,0
5000318,Hydro_NonPumped_EP,CO_DEN,Gross_Hydro_Plant,10424,2007,HY,0,Water,7.8,0,0
5000319,Hydro_NonPumped_EP,CO_DEN,Hillcrest_Pump_Station,54142,1993,HY,0,Water,2,0,0
5000320,Hydro_NonPumped_EP,CO_DEN,Marys_Lake,517,1951,HY,0,Water,8.1,0,0
5000321,Hydro_NonPumped_EP,CO_DEN,Pole_Hill,519,1954,HY,0,Water,38.2,0,0
5000322,Hydro_NonPumped_EP,CO_DEN,Strontia_Springs_Hydro_Plant,10081,1986,HY,0,Water,1,0,0
5000323,Hydro_NonPumped_EP,CO_E,Tesla,7233,1997,HY,0,Water,27.6,0,0
5000324,Hydro_Pumped_EP,CO_NW,Cabin_Creek,467,1967,PS,0,Water,300,0,0
5000325,Hydro_NonPumped_EP,CO_NW,Dillon_Hydro_Plant,10421,1987,HY,0,Water,1.8,0,0
5000326,Hydro_NonPumped_EP,CO_NW,Georgetown,472,1908,HY,0,Water,0.6,0,0
5000327,Hydro_NonPumped_EP,CO_NW,Georgetown,472,1906,HY,0,Water,0.6,0,0
5000328,Hydro_NonPumped_EP,CO_NW,Grand_Valley_Project_Power_Plant,473,1932,HY,0,Water,3,0,0
5000329,Hydro_NonPumped_EP,CO_NW,Green_Mountain,516,1943,HY,0,Water,26,0,0
5000330,Hydro_NonPumped_EP,CO_NW,Lower_Molina,520,1962,HY,0,Water,4.8,0,0
5000331,Hydro_NonPumped_EP,CO_NW,Manitou_Springs,494,1939,HY,0,Water,2.5,0,0
5000332,Hydro_NonPumped_EP,CO_NW,Manitou_Springs,494,1927,HY,0,Water,2.5,0,0
5000333,Hydro_NonPumped_EP,CO_NW,Manitou_Springs,494,2006,HY,0,Water,1,0,0
5000334,Hydro_Pumped_EP,CO_NW,Mount_Elbert,6208,1981,PS,0,Water,100,0,0
5000335,Hydro_Pumped_EP,CO_NW,Mount_Elbert,6208,1984,PS,0,Water,100,0,0
5000336,Hydro_NonPumped_EP,CO_NW,North_Fork_Hydro_Plant,10423,1988,HY,0,Water,5.5,0,0
5000337,Hydro_NonPumped_EP,CO_NW,Redlands_Water_&_Power,50267,1931,HY,0,Water,1.4,0,0
5000338,Hydro_NonPumped_EP,CO_NW,Ruedi,7458,1985,HY,0,Water,5,0,0
5000339,Hydro_NonPumped_EP,CO_NW,Shoshone,476,1909,HY,0,Water,14.4,0,0
5000340,Hydro_NonPumped_EP,CO_NW,Sugarloaf_Hydro_Plant,50435,1985,HY,0,Water,2.5,0,0
5000341,Hydro_NonPumped_EP,CO_NW,Taylor_Draw_Hydroelectric_Facility,54729,1993,HY,0,Water,2.3,0,0
5000342,Hydro_NonPumped_EP,CO_NW,Upper_Molina,521,1962,HY,0,Water,8.6,0,0
5000343,Hydro_NonPumped_EP,CO_SW,Ames_Hydro,6207,1906,HY,0,Water,3.6,0,0
5000344,Hydro_NonPumped_EP,CO_SW,Blue_Mesa,512,1967,HY,0,Water,86.4,0,0
5000345,Hydro_NonPumped_EP,CO_SW,Crystal,6159,1978,HY,0,Water,28,0,0
5000346,Hydro_NonPumped_EP,CO_SW,McPhee,7372,1992,HY,0,Water,1.2,0,0
5000347,Hydro_NonPumped_EP,CO_SW,Morrow_Point,514,1971,HY,0,Water,86.6,0,0
5000348,Hydro_NonPumped_EP,CO_SW,Morrow_Point,514,1970,HY,0,Water,86.6,0,0
5000349,Hydro_NonPumped_EP,CO_SW,Salida,474,1908,HY,0,Water,0.6,0,0
5000350,Hydro_NonPumped_EP,CO_SW,Salida,474,1929,HY,0,Water,0.8,0,0
5000351,Hydro_NonPumped_EP,CO_SW,Tacoma,6206,1905,HY,0,Water,2.3,0,0
5000352,Hydro_NonPumped_EP,CO_SW,Tacoma,6206,1906,HY,0,Water,2.3,0,0
5000353,Hydro_NonPumped_EP,CO_SW,Towaoc,7373,1993,HY,0,Water,11.4,0,0
5000354,Hydro_NonPumped_EP,CO_SW,Vallecito_Hydroelectric,50206,1989,HY,0,Water,5.8,0,0
5000355,Hydro_NonPumped_EP,ID_E,American_Falls,809,1978,HY,0,Water,92.4,0,0
5000356,Hydro_NonPumped_EP,ID_E,Ashton,825,1917,HY,0,Water,2.8,0,0
5000357,Hydro_NonPumped_EP,ID_E,Ashton,825,1925,HY,0,Water,4,0,0
5000358,Hydro_NonPumped_EP,ID_E,Birch_Creek_Power,10140,1986,HY,0,Water,2.6,0,0
5000359,Hydro_NonPumped_EP,ID_E,City_Power_Plant,841,1982,HY,0,Water,8,0,0
5000360,Hydro_NonPumped_EP,ID_E,Dry_Creek_Project,54394,1987,HY,0,Water,3.6,0,0
5000361,Hydro_NonPumped_EP,ID_E,Falls_River_Hydro,54668,1993,HY,0,Water,9,0,0
5000362,Hydro_NonPumped_EP,ID_E,Felt,6359,1946,HY,0,Water,0.6,0,0
5000363,Hydro_NonPumped_EP,ID_E,Felt,6359,1947,HY,0,Water,0.7,0,0
5000364,Hydro_NonPumped_EP,ID_E,Felt,6359,1986,HY,0,Water,5.6,0,0
5000365,Hydro_NonPumped_EP,ID_E,Felt_Hydroelectric_Plant,10028,1986,HY,0,Water,2,0,0
5000366,Hydro_NonPumped_EP,ID_E,Felt_Hydroelectric_Plant,10028,1985,HY,0,Water,5.4,0,0
5000367,Hydro_NonPumped_EP,ID_E,Gem_State,790,1988,HY,0,Water,23.4,0,0
5000368,Hydro_NonPumped_EP,ID_E,Grace,827,1923,HY,0,Water,33,0,0
5000369,Hydro_NonPumped_EP,ID_E,Island_Park,4204,1994,HY,0,Water,4.8,0,0
5000370,Hydro_NonPumped_EP,ID_E,Last_Chance,987,1984,HY,0,Water,1.7,0,0
5000371,Hydro_NonPumped_EP,ID_E,Little_Wood_Hydro_Project,54386,1985,HY,0,Water,2.8,0,0
5000372,Hydro_NonPumped_EP,ID_E,Lower_No_1,7012,1982,HY,0,Water,8,0,0
5000373,Hydro_NonPumped_EP,ID_E,Lower_No_2,843,1940,HY,0,Water,3,0,0
5000374,Hydro_NonPumped_EP,ID_E,Marsh_Valley_Development,50972,1993,HY,0,Water,1.6,0,0
5000375,Hydro_NonPumped_EP,ID_E,Mink_Creek_Hydro,10325,1986,HY,0,Water,3.1,0,0
5000376,Hydro_NonPumped_EP,ID_E,Oneida,829,1916,HY,0,Water,10,0,0
5000377,Hydro_NonPumped_EP,ID_E,Oneida,829,1915,HY,0,Water,10,0,0
5000378,Hydro_NonPumped_EP,ID_E,Oneida,829,1920,HY,0,Water,10,0,0
5000379,Hydro_NonPumped_EP,ID_E,Palisades,850,1958,HY,0,Water,44.1,0,0
5000380,Hydro_NonPumped_EP,ID_E,Palisades,850,1957,HY,0,Water,132.3,0,0
5000381,Hydro_NonPumped_EP,ID_E,Soda,831,1924,HY,0,Water,14,0,0
5000382,Hydro_NonPumped_EP,ID_E,Strawberry_Creek,6393,1951,HY,0,Water,1.5,0,0
5000383,Hydro_NonPumped_EP,ID_E,Swift_Creek,6394,2010,HY,0,Water,0.9,0,0
5000384,Hydro_NonPumped_EP,ID_E,Swift_Creek,6394,2009,HY,0,Water,0.8,0,0
5000385,Hydro_NonPumped_EP,ID_E,Upper_Power_Plant,844,1982,HY,0,Water,8,0,0
5000386,Hydro_NonPumped_EP,ID_S_OR_E,Anderson_Ranch,6395,1950,HY,0,Water,20,0,0
5000387,Hydro_NonPumped_EP,ID_S_OR_E,Anderson_Ranch,6395,1951,HY,0,Water,20,0,0
5000388,Hydro_NonPumped_EP,ID_S_OR_E,Arrowrock_Hydroelectric_Project,56997,2010,HY,0,Water,15,0,0
5000389,Hydro_NonPumped_EP,ID_S_OR_E,Barber_Dam,10735,1990,HY,0,Water,4.1,0,0
5000390,Hydro_NonPumped_EP,ID_S_OR_E,Black_Canyon,6396,1925,HY,0,Water,10.2,0,0
5000391,Hydro_NonPumped_EP,ID_S_OR_E,Blind_Canyon_Hydro,54514,1992,HY,0,Water,1.3,0,0
5000392,Hydro_NonPumped_EP,ID_S_OR_E,Bliss,810,1949,HY,0,Water,25,0,0
5000393,Hydro_NonPumped_EP,ID_S_OR_E,Bliss,810,1950,HY,0,Water,50,0,0
5000394,Hydro_NonPumped_EP,ID_S_OR_E,Boise_R_Diversion,6397,2004,HY,0,Water,3.3,0,0
5000395,Hydro_NonPumped_EP,ID_S_OR_E,Brownlee,811,1959,HY,0,Water,90.1,0,0
5000396,Hydro_NonPumped_EP,ID_S_OR_E,Brownlee,811,1980,HY,0,Water,225,0,0
5000397,Hydro_NonPumped_EP,ID_S_OR_E,Brownlee,811,1958,HY,0,Water,270.3,0,0
5000398,Hydro_NonPumped_EP,ID_S_OR_E,Bypass,50895,1987,HY,0,Water,9.9,0,0
5000399,Hydro_NonPumped_EP,ID_S_OR_E,Cascade,813,1984,HY,0,Water,6.2,0,0
5000400,Hydro_NonPumped_EP,ID_S_OR_E,Cascade,813,1983,HY,0,Water,6.2,0,0
5000401,Hydro_NonPumped_EP,ID_S_OR_E,C_J_Strike,812,1952,HY,0,Water,82.8,0,0
5000402,Hydro_NonPumped_EP,ID_S_OR_E,Clear_Lake,814,1937,HY,0,Water,2.5,0,0
5000403,Hydro_NonPumped_EP,ID_S_OR_E,Crystal_Springs,10806,1988,HY,0,Water,2.3,0,0
5000404,Hydro_NonPumped_EP,ID_S_OR_E,Dietrich_Drop,10807,1990,HY,0,Water,4.8,0,0
5000405,Hydro_NonPumped_EP,ID_S_OR_E,El_Dorado_Hydro_Elk_Creek,50891,1986,HY,0,Water,2.6,0,0
5000406,Hydro_NonPumped_EP,ID_S_OR_E,Hazelton_B_Hydro,54558,1993,HY,0,Water,7.6,0,0
5000407,Hydro_NonPumped_EP,ID_S_OR_E,Hells_Canyon,3013,1967,HY,0,Water,391.5,0,0
5000408,Hydro_NonPumped_EP,ID_S_OR_E,Horseshoe_Bend_Hydroelectric_Company,54524,1995,HY,0,Water,9.4,0,0
5000409,Hydro_NonPumped_EP,ID_S_OR_E,Koyle_Ranch_Hydroelectric_Project,10781,1983,HY,0,Water,1.3,0,0
5000410,Hydro_NonPumped_EP,ID_S_OR_E,K_W_Company,55007,1985,HY,0,Water,0.5,0,0
5000411,Hydro_NonPumped_EP,ID_S_OR_E,K_W_Company,55007,1997,HY,0,Water,0.1,0,0
5000412,Hydro_NonPumped_EP,ID_S_OR_E,K_W_Company,55007,1983,HY,0,Water,0.8,0,0
5000413,Hydro_NonPumped_EP,ID_S_OR_E,Lateral_10_Ventures,54753,1984,HY,0,Water,2.4,0,0
5000414,Hydro_NonPumped_EP,ID_S_OR_E,Little_Mac_Project,10049,1984,HY,0,Water,1.5,0,0
5000415,Hydro_NonPumped_EP,ID_S_OR_E,Lower_Malad,815,1948,HY,0,Water,13.5,0,0
5000416,Hydro_NonPumped_EP,ID_S_OR_E,Lower_Salmon,816,1949,HY,0,Water,60,0,0
5000417,Hydro_NonPumped_EP,ID_S_OR_E,Low_Line_Rapids,10808,1990,HY,0,Water,2.8,0,0
5000418,Hydro_NonPumped_EP,ID_S_OR_E,Lucky_Peak_Power_Plant_Project,10014,1988,HY,0,Water,101.2,0,0
5000419,Hydro_NonPumped_EP,ID_S_OR_E,Magic_Dam_Hydroelectric_Project,10740,1989,HY,0,Water,9,0,0
5000420,Hydro_NonPumped_EP,ID_S_OR_E,Marco_Ranch,50323,1985,HY,0,Water,1.2,0,0
5000421,Hydro_NonPumped_EP,ID_S_OR_E,Michell_Butte_Power_Project,50360,1989,HY,0,Water,1.8,0,0
5000422,Hydro_NonPumped_EP,ID_S_OR_E,Mile_28_Water_Power_Project,54812,1994,HY,0,Water,1.4,0,0
5000423,Hydro_NonPumped_EP,ID_S_OR_E,Milner_Hydro,7190,1992,HY,0,Water,58.7,0,0
5000426,Hydro_NonPumped_EP,ID_S_OR_E,Minidoka,6398,1997,HY,0,Water,20,0,0
5000425,Hydro_NonPumped_EP,ID_S_OR_E,Minidoka,6398,1927,HY,0,Water,2.7,0,0
5000424,Hydro_NonPumped_EP,ID_S_OR_E,Minidoka,6398,1942,HY,0,Water,5,0,0
5000427,Hydro_NonPumped_EP,ID_S_OR_E,Mora_Drop_Hydroelectric_Project,56498,2006,HY,0,Water,1.7,0,0
5000428,Hydro_NonPumped_EP,ID_S_OR_E,Notch_Butte_Hydro,50718,1986,HY,0,Water,1,0,0
5000429,Hydro_NonPumped_EP,ID_S_OR_E,Owyhee_Dam_Power_Project,50361,1985,HY,0,Water,4.3,0,0
5000430,Hydro_NonPumped_EP,ID_S_OR_E,Oxbow,3014,1961,HY,0,Water,190,0,0
5000431,Hydro_NonPumped_EP,ID_S_OR_E,Rock_Creek_I,50987,1983,HY,0,Water,2.1,0,0
5000432,Hydro_NonPumped_EP,ID_S_OR_E,Rock_Creek_II,10809,1990,HY,0,Water,1.9,0,0
5000433,Hydro_NonPumped_EP,ID_S_OR_E,S_E_Hazelton_A,50896,1990,HY,0,Water,8.4,0,0
5000436,Hydro_NonPumped_EP,ID_S_OR_E,Shoshone_Falls,818,1909,HY,0,Water,0.6,0,0
5000435,Hydro_NonPumped_EP,ID_S_OR_E,Shoshone_Falls,818,1921,HY,0,Water,11.5,0,0
5000434,Hydro_NonPumped_EP,ID_S_OR_E,Shoshone_Falls,818,1907,HY,0,Water,0.4,0,0
5000437,Hydro_NonPumped_EP,ID_S_OR_E,South_Forks_Hydro,10296,1984,HY,0,Water,8,0,0
5000438,Hydro_NonPumped_EP,ID_S_OR_E,Swan_Falls,819,1994,HY,0,Water,25,0,0
5000439,Hydro_NonPumped_EP,ID_S_OR_E,Thousand_Springs,820,1920,HY,0,Water,6.8,0,0
5000440,Hydro_NonPumped_EP,ID_S_OR_E,Tunnel_1_Power_Project,50362,1993,HY,0,Water,7,0,0
5000442,Hydro_NonPumped_EP,ID_S_OR_E,Twin_Falls,821,1995,HY,0,Water,44.3,0,0
5000441,Hydro_NonPumped_EP,ID_S_OR_E,Twin_Falls,821,1935,HY,0,Water,8.4,0,0
5000443,Hydro_NonPumped_EP,ID_S_OR_E,Upper_Malad,823,1948,HY,0,Water,8.3,0,0
5000444,Hydro_NonPumped_EP,ID_S_OR_E,Upper_Salmon_A,822,1937,HY,0,Water,18,0,0
5000445,Hydro_NonPumped_EP,ID_S_OR_E,Upper_Salmon_B,7079,1947,HY,0,Water,16.5,0,0
5000446,Hydro_NonPumped_EP,ID_S_OR_E,Wallowa_Falls,3041,1921,HY,0,Water,1.1,0,0
5000447,Hydro_NonPumped_EP,ID_S_OR_E,Wilson_Lake_Hydroelectric_Project,54306,1993,HY,0,Water,8.4,0,0
5000448,Hydro_NonPumped_EP,MT_NE,Black_Eagle,2181,1927,HY,0,Water,16.8,0,0
5000449,Hydro_NonPumped_EP,MT_NE,Cochrane,2182,1958,HY,0,Water,60.4,0,0
5000450,Hydro_NonPumped_EP,MT_NE,Holter,2186,1918,HY,0,Water,38.4,0,0
5000451,Hydro_NonPumped_EP,MT_NE,Morony,2191,1930,HY,0,Water,45,0,0
5000453,Hydro_NonPumped_EP,MT_NE,Rainbow,2193,1917,HY,0,Water,11.6,0,0
5000452,Hydro_NonPumped_EP,MT_NE,Rainbow,2193,1910,HY,0,Water,25,0,0
5000455,Hydro_NonPumped_EP,MT_NE,Ryan,2194,1915,HY,0,Water,32,0,0
5000454,Hydro_NonPumped_EP,MT_NE,Ryan,2194,1916,HY,0,Water,16,0,0
5000456,Hydro_NonPumped_EP,MT_NE,Tiber_Dam_Hydroelectric_Plant,56499,2004,HY,0,Water,7.5,0,0
5000457,Hydro_NonPumped_EP,MT_NE,Turnbull_Hydro,57690,2011,HY,0,Water,13,0,0
5000459,Hydro_NonPumped_EP,MT_NW,Big_Fork,6459,1927,HY,0,Water,1.7,0,0
5000460,Hydro_NonPumped_EP,MT_NW,Big_Fork,6459,1928,HY,0,Water,1.7,0,0
5000458,Hydro_NonPumped_EP,MT_NW,Big_Fork,6459,1910,HY,0,Water,0.7,0,0
5000461,Hydro_NonPumped_EP,MT_NW,Hungry_Horse,2203,1953,HY,0,Water,214,0,0
5000462,Hydro_NonPumped_EP,MT_NW,Hungry_Horse,2203,1952,HY,0,Water,214,0,0
5000463,Hydro_NonPumped_EP,MT_NW,Kerr,2188,1949,HY,0,Water,50.4,0,0
5000464,Hydro_NonPumped_EP,MT_NW,Kerr,2188,1938,HY,0,Water,70.6,0,0
5000465,Hydro_NonPumped_EP,MT_NW,Kerr,2188,1954,HY,0,Water,86.6,0,0
5000466,Hydro_NonPumped_EP,MT_NW,Libby,6172,1984,HY,0,Water,105,0,0
5000467,Hydro_NonPumped_EP,MT_NW,Libby,6172,1975,HY,0,Water,210,0,0
5000468,Hydro_NonPumped_EP,MT_NW,Libby,6172,1976,HY,0,Water,210,0,0
5000470,Hydro_NonPumped_EP,MT_NW,Noxon_Rapids,2199,1960,HY,0,Water,113.8,0,0
5000469,Hydro_NonPumped_EP,MT_NW,Noxon_Rapids,2199,1959,HY,0,Water,304.6,0,0
5000471,Hydro_NonPumped_EP,MT_NW,Noxon_Rapids,2199,1977,HY,0,Water,114,0,0
5000472,Hydro_NonPumped_EP,MT_NW,Thompson_Falls,2195,1916,HY,0,Water,10,0,0
5000473,Hydro_NonPumped_EP,MT_NW,Thompson_Falls,2195,1917,HY,0,Water,10,0,0
5000474,Hydro_NonPumped_EP,MT_NW,Thompson_Falls,2195,1915,HY,0,Water,67.1,0,0
5000475,Hydro_NonPumped_EP,MT_SE,Mystic,2192,1925,HY,0,Water,12,0,0
5000476,Hydro_NonPumped_EP,MT_SE,South_Dry_Creek_Hydro,10138,1985,HY,0,Water,2,0,0
5000477,Hydro_NonPumped_EP,MT_SE,Yellowtail,2204,1966,HY,0,Water,250,0,0
5000478,Hydro_NonPumped_EP,MT_SW,Broadwater_Power_Project,54006,1989,HY,0,Water,9.7,0,0
5000479,Hydro_NonPumped_EP,MT_SW,Canyon_Ferry,6400,1953,HY,0,Water,16.6,0,0
5000480,Hydro_NonPumped_EP,MT_SW,Canyon_Ferry,6400,1954,HY,0,Water,33.2,0,0
5000481,Hydro_NonPumped_EP,MT_SW,Hauser,2185,1915,HY,0,Water,3,0,0
5000482,Hydro_NonPumped_EP,MT_SW,Hauser,2185,1911,HY,0,Water,14,0,0
5000483,Hydro_NonPumped_EP,MT_SW,Madison,6422,1908,HY,0,Water,2.2,0,0
5000484,Hydro_NonPumped_EP,MT_SW,Madison,6422,1906,HY,0,Water,6.6,0,0
5000485,Hydro_NonPumped_EP,NM_N,Abiquiu_Dam,7789,2011,HY,0,Water,3,0,0
5000486,Hydro_NonPumped_EP,NM_N,Abiquiu_Dam,7789,1989,HY,0,Water,12.6,0,0
5000487,Hydro_NonPumped_EP,NM_N,Elephant_Butte,6402,1940,HY,0,Water,27.9,0,0
5000488,Hydro_NonPumped_EP,NM_N,El_Vado_Dam,7593,1988,HY,0,Water,8,0,0
5000489,Hydro_NonPumped_EP,NV_N,Fleish,6513,1914,HY,0,Water,2,0,0
5000490,Hydro_NonPumped_EP,NV_N,Lahontan,6521,1911,HY,0,Water,1.8,0,0
5000491,Hydro_NonPumped_EP,NV_N,New_Lahontan,50261,1989,HY,0,Water,4,0,0
5000492,Hydro_NonPumped_EP,NV_N,Verdi,6531,1911,HY,0,Water,2.4,0,0
5000493,Hydro_NonPumped_EP,NV_N,Washoe,6532,1904,HY,0,Water,2.6,0,0
5000496,Hydro_NonPumped_EP,NV_S,Hoover_Dam,8902,1937,HY,0,Water,61.5,0,0
5000494,Hydro_NonPumped_EP,NV_S,Hoover_Dam,8902,1939,HY,0,Water,260,0,0
5000495,Hydro_NonPumped_EP,NV_S,Hoover_Dam,154,1961,HY,0,Water,130,0,0
5000497,Hydro_NonPumped_EP,NV_S,Hoover_Dam,8902,1936,HY,0,Water,2.4,0,0
5000498,Hydro_NonPumped_EP,NV_S,Hoover_Dam,8902,1943,HY,0,Water,127,0,0
5000499,Hydro_NonPumped_EP,NV_S,Hoover_Dam,154,1938,HY,0,Water,260,0,0
5000500,Hydro_NonPumped_EP,NV_S,Hoover_Dam,154,1944,HY,0,Water,127,0,0
5000501,Hydro_NonPumped_EP,NV_S,Hoover_Dam,8902,1952,HY,0,Water,328.5,0,0
5000502,Hydro_NonPumped_EP,NV_S,Hoover_Dam,154,1936,HY,0,Water,392.4,0,0
5000503,Hydro_NonPumped_EP,NV_S,Hoover_Dam,8902,1941,HY,0,Water,130,0,0
5000504,Hydro_NonPumped_EP,NV_S,Hoover_Dam,8902,1942,HY,0,Water,130,0,0
5000505,Hydro_NonPumped_EP,NV_S,Hoover_Dam,154,1937,HY,0,Water,130,0,0
5000508,Hydro_NonPumped_EP,OR_E,Bend,6484,1916,HY,0,Water,0.3,0,0
5000507,Hydro_NonPumped_EP,OR_E,Bend,6484,1917,HY,0,Water,0.6,0,0
5000506,Hydro_NonPumped_EP,OR_E,Bend,6484,1913,HY,0,Water,0.2,0,0
5000509,Hydro_NonPumped_EP,OR_E,John_C_Boyle,3028,1958,HY,0,Water,98.7,0,0
5000510,Hydro_NonPumped_EP,OR_E,Juniper_Ridge_Hydroelectric_Project,57437,2010,HY,0,Water,5,0,0
5000511,Hydro_NonPumped_EP,OR_E,Siphon_Power_Project,50980,1989,HY,0,Water,5.4,0,0
5000512,Hydro_NonPumped_EP,OR_E,Sprague_Hydro,10737,1989,HY,0,Water,1.2,0,0
5000516,Hydro_NonPumped_EP,OR_PDX,Bonneville,3075,1942,HY,0,Water,54,0,0
5000513,Hydro_NonPumped_EP,OR_PDX,Bonneville,3075,1941,HY,0,Water,162,0,0
5000514,Hydro_NonPumped_EP,OR_PDX,Bonneville,3075,1944,HY,0,Water,54,0,0
5000515,Hydro_NonPumped_EP,OR_PDX,Bonneville,3075,1943,HY,0,Water,162,0,0
5000517,Hydro_NonPumped_EP,OR_PDX,Bonneville,3075,1981,HY,0,Water,212.6,0,0
5000518,Hydro_NonPumped_EP,OR_PDX,Bonneville,3075,1982,HY,0,Water,345.6,0,0
5000519,Hydro_NonPumped_EP,OR_PDX,Bonneville,3075,1938,HY,0,Water,102.7,0,0
5000520,Hydro_NonPumped_EP,OR_PDX,Faraday,3045,1908,HY,0,Water,2.7,0,0
5000521,Hydro_NonPumped_EP,OR_PDX,Faraday,3045,1910,HY,0,Water,4,0,0
5000522,Hydro_NonPumped_EP,OR_PDX,Faraday,3045,1909,HY,0,Water,4.5,0,0
5000523,Hydro_NonPumped_EP,OR_PDX,Faraday,3045,1958,HY,0,Water,19.2,0,0
5000524,Hydro_NonPumped_EP,OR_PDX,Faraday,3045,1907,HY,0,Water,6.2,0,0
5000525,Hydro_NonPumped_EP,OR_PDX,North_Fork,3047,1958,HY,0,Water,40.8,0,0
5000527,Hydro_NonPumped_EP,OR_PDX,Oak_Grove,6505,1924,HY,0,Water,25.5,0,0
5000526,Hydro_NonPumped_EP,OR_PDX,Oak_Grove,6505,1931,HY,0,Water,25.5,0,0
5000528,Hydro_NonPumped_EP,OR_PDX,PHP_1,4213,1982,HY,0,Water,23.7,0,0
5000529,Hydro_NonPumped_EP,OR_PDX,PHP_2,4214,1982,HY,0,Water,11.8,0,0
5000530,Hydro_NonPumped_EP,OR_PDX,River_Mill,3049,1952,HY,0,Water,5,0,0
5000531,Hydro_NonPumped_EP,OR_PDX,River_Mill,3049,1927,HY,0,Water,3.9,0,0
5000532,Hydro_NonPumped_EP,OR_PDX,River_Mill,3049,1912,HY,0,Water,3.3,0,0
5000533,Hydro_NonPumped_EP,OR_PDX,River_Mill,3049,1911,HY,0,Water,6.6,0,0
5000534,Hydro_NonPumped_EP,OR_PDX,Stone_Creek,7508,1994,HY,0,Water,12,0,0
5000535,Hydro_NonPumped_EP,OR_PDX,Sullivan,3053,1952,HY,0,Water,14.4,0,0
5000536,Hydro_NonPumped_EP,OR_PDX,Sullivan,3053,1924,HY,0,Water,1,0,0
5000537,Hydro_NonPumped_EP,OR_W,Big_Cliff,3074,1954,HY,0,Water,18,0,0
5000538,Hydro_NonPumped_EP,OR_W,Box_Canyon,50179,1986,HY,0,Water,5,0,0
5000539,Hydro_NonPumped_EP,OR_W,Carmen_Smith,3067,1963,HY,0,Water,114.3,0,0
5000540,Hydro_NonPumped_EP,OR_W,Clearwater_1,3020,1953,HY,0,Water,15,0,0
5000541,Hydro_NonPumped_EP,OR_W,Clearwater_2,3021,1953,HY,0,Water,26,0,0
5000542,Hydro_NonPumped_EP,OR_W,Copco_1,294,1918,HY,0,Water,20,0,0
5000543,Hydro_NonPumped_EP,OR_W,Copco_2,295,1925,HY,0,Water,27,0,0
5000544,Hydro_NonPumped_EP,OR_W,Cougar,3076,1964,HY,0,Water,26,0,0
5000545,Hydro_NonPumped_EP,OR_W,Detroit,3077,1953,HY,0,Water,100,0,0
5000546,Hydro_NonPumped_EP,OR_W,Dexter,3078,1955,HY,0,Water,15,0,0
5000547,Hydro_NonPumped_EP,OR_W,Eagle_Point,3024,1957,HY,0,Water,2.8,0,0
5000549,Hydro_NonPumped_EP,OR_W,Fall_Creek,296,1903,HY,0,Water,0.5,0,0
5000548,Hydro_NonPumped_EP,OR_W,Fall_Creek,296,1907,HY,0,Water,0.4,0,0
5000550,Hydro_NonPumped_EP,OR_W,Fall_Creek,296,1910,HY,0,Water,1.2,0,0
5000551,Hydro_NonPumped_EP,OR_W,Falls_Creek,52187,1984,HY,0,Water,4.1,0,0
5000552,Hydro_NonPumped_EP,OR_W,Fish_Creek,3026,1952,HY,0,Water,11,0,0
5000553,Hydro_NonPumped_EP,OR_W,Foster,6552,1968,HY,0,Water,20,0,0
5000554,Hydro_NonPumped_EP,OR_W,Galesville_Project,50938,1987,HY,0,Water,1.6,0,0
5000555,Hydro_NonPumped_EP,OR_W,Green_Peter,3080,1967,HY,0,Water,80,0,0
5000556,Hydro_NonPumped_EP,OR_W,Green_Springs,6403,1960,HY,0,Water,17.2,0,0
5000557,Hydro_NonPumped_EP,OR_W,Hills_Creek,3081,1962,HY,0,Water,30,0,0
5000558,Hydro_NonPumped_EP,OR_W,Iron_Gate,297,1962,HY,0,Water,18,0,0
5000559,Hydro_NonPumped_EP,OR_W,Lacomb_Irrigation_District,52155,1986,HY,0,Water,1,0,0
5000560,Hydro_NonPumped_EP,OR_W,Leaburg,3068,1950,HY,0,Water,7.5,0,0
5000561,Hydro_NonPumped_EP,OR_W,Leaburg,3068,1930,HY,0,Water,8.4,0,0
5000562,Hydro_NonPumped_EP,OR_W,Lemolo_1,3029,1955,HY,0,Water,32.8,0,0
5000563,Hydro_NonPumped_EP,OR_W,Lemolo_2,6421,1956,HY,0,Water,33,0,0
5000564,Hydro_NonPumped_EP,OR_W,Lookout_Point,3083,1955,HY,0,Water,120,0,0
5000565,Hydro_NonPumped_EP,OR_W,Lost_Creek,6174,1977,HY,0,Water,49,0,0
5000566,Hydro_NonPumped_EP,OR_W,Lost_Creek_I,10708,1989,HY,0,Water,1.1,0,0
5000567,Hydro_NonPumped_EP,OR_W,McNary_Dam_Fish_Attraction_Project,7511,1997,HY,0,Water,10,0,0
5000568,Hydro_NonPumped_EP,OR_W,Prospect_1,3032,1912,HY,0,Water,3.8,0,0
5000569,Hydro_NonPumped_EP,OR_W,Prospect_2,3033,1928,HY,0,Water,32,0,0
5000570,Hydro_NonPumped_EP,OR_W,Prospect_3,3034,1932,HY,0,Water,7.2,0,0
5000571,Hydro_NonPumped_EP,OR_W,Prospect_4,3035,1944,HY,0,Water,1,0,0
5000572,Hydro_NonPumped_EP,OR_W,Slide_Creek,3036,1951,HY,0,Water,18,0,0
5000573,Hydro_NonPumped_EP,OR_W,Soda_Springs,3037,1952,HY,0,Water,11,0,0
5000575,Hydro_NonPumped_EP,OR_W,Toketee_Falls,3040,1949,HY,0,Water,14.2,0,0
5000574,Hydro_NonPumped_EP,OR_W,Toketee_Falls,3040,1950,HY,0,Water,28.4,0,0
5000576,Hydro_NonPumped_EP,OR_W,Walterville,3071,1949,HY,0,Water,8,0,0
5000577,Hydro_NonPumped_EP,OR_WA_BPA,Chandler,6406,1956,HY,0,Water,12,0,0
5000578,Hydro_NonPumped_EP,OR_WA_BPA,Copper_Dam_Plant,10323,1986,HY,0,Water,3,0,0
5000579,Hydro_NonPumped_EP,OR_WA_BPA,Cowiche,50423,1987,HY,0,Water,1.7,0,0
5000580,Hydro_NonPumped_EP,OR_WA_BPA,Dalles_Dam_North_Fishway_Project,7431,1991,HY,0,Water,6.5,0,0
5000581,Hydro_NonPumped_EP,OR_WA_BPA,Drop_2,6507,1942,HY,0,Water,2.5,0,0
5000582,Hydro_NonPumped_EP,OR_WA_BPA,Drop_3,6508,1932,HY,0,Water,1.6,0,0
5000583,Hydro_NonPumped_EP,OR_WA_BPA,Eltopia_Branch_Canal_4.6,56696,1983,HY,0,Water,2.2,0,0
5000584,Hydro_NonPumped_EP,OR_WA_BPA,Ice_Harbor,3925,1975,HY,0,Water,222,0,0
5000585,Hydro_NonPumped_EP,OR_WA_BPA,Ice_Harbor,3925,1962,HY,0,Water,270,0,0
5000586,Hydro_NonPumped_EP,OR_WA_BPA,Ice_Harbor,3925,1976,HY,0,Water,111,0,0
5000590,Hydro_NonPumped_EP,OR_WA_BPA,John_Day,3082,1968,HY,0,Water,540,0,0
5000587,Hydro_NonPumped_EP,OR_WA_BPA,John_Day,3082,1971,HY,0,Water,405,0,0
5000588,Hydro_NonPumped_EP,OR_WA_BPA,John_Day,3082,1969,HY,0,Water,810,0,0
5000589,Hydro_NonPumped_EP,OR_WA_BPA,John_Day,3082,1970,HY,0,Water,405,0,0
5000593,Hydro_NonPumped_EP,OR_WA_BPA,Lower_Monumental,3927,1970,HY,0,Water,135,0,0
5000592,Hydro_NonPumped_EP,OR_WA_BPA,Lower_Monumental,3927,1979,HY,0,Water,405,0,0
5000591,Hydro_NonPumped_EP,OR_WA_BPA,Lower_Monumental,3927,1969,HY,0,Water,270,0,0
5000597,Hydro_NonPumped_EP,OR_WA_BPA,McNary,3084,1957,HY,0,Water,150.5,0,0
5000598,Hydro_NonPumped_EP,OR_WA_BPA,McNary,3084,1953,HY,0,Water,70,0,0
5000595,Hydro_NonPumped_EP,OR_WA_BPA,McNary,3084,1955,HY,0,Water,280,0,0
5000596,Hydro_NonPumped_EP,OR_WA_BPA,McNary,3084,1954,HY,0,Water,280,0,0
5000594,Hydro_NonPumped_EP,OR_WA_BPA,McNary,3084,1956,HY,0,Water,210,0,0
5000599,Hydro_NonPumped_EP,OR_WA_BPA,Middle_Fork_Irrigation_District,50917,1986,HY,0,Water,3.3,0,0
5000600,Hydro_NonPumped_EP,OR_WA_BPA,Opal_Springs_Hydro,54251,1985,HY,0,Water,4.3,0,0
5000601,Hydro_NonPumped_EP,OR_WA_BPA,Orchard_Avenue_1,50421,1987,HY,0,Water,1.6,0,0
5000602,Hydro_NonPumped_EP,OR_WA_BPA,Pelton,3048,1957,HY,0,Water,45,0,0
5000603,Hydro_NonPumped_EP,OR_WA_BPA,Pelton,3048,1958,HY,0,Water,64.8,0,0
5000604,Hydro_NonPumped_EP,OR_WA_BPA,Peters_Drive_Plant,10324,1987,HY,0,Water,1.8,0,0
5000605,Hydro_NonPumped_EP,OR_WA_BPA,Round_Butte,3050,1964,HY,0,Water,246.9,0,0
5000606,Hydro_NonPumped_EP,OR_WA_BPA,Russell_D_Smith,56694,1982,HY,0,Water,6.1,0,0
5000611,Hydro_NonPumped_EP,OR_WA_BPA,The_Dalles,3895,1973,HY,0,Water,688,0,0
5000610,Hydro_NonPumped_EP,OR_WA_BPA,The_Dalles,3895,1959,HY,0,Water,312,0,0
5000609,Hydro_NonPumped_EP,OR_WA_BPA,The_Dalles,3895,1960,HY,0,Water,312,0,0
5000608,Hydro_NonPumped_EP,OR_WA_BPA,The_Dalles,3895,1958,HY,0,Water,323.7,0,0
5000607,Hydro_NonPumped_EP,OR_WA_BPA,The_Dalles,3895,1957,HY,0,Water,184,0,0
5000612,Hydro_NonPumped_EP,OR_WA_BPA,Tieton_Dam_Hydro_Electric_Project,57496,2006,HY,0,Water,13.8,0,0
5000613,Hydro_NonPumped_EP,OR_WA_BPA,Twin_Reservoirs,50382,1988,HY,0,Water,2.2,0,0
5000614,Hydro_NonPumped_EP,OR_WA_BPA,Warm_Springs_Power_Enterprises,54721,1982,HY,0,Water,19.6,0,0
5000615,Hydro_NonPumped_EP,UT_N,Bartholomew,3688,1988,HY,0,Water,1,0,0
5000617,Hydro_NonPumped_EP,UT_N,Brigham_City,3666,1964,HY,0,Water,0.6,0,0
5000616,Hydro_NonPumped_EP,UT_N,Brigham_City,3666,1921,HY,0,Water,1.2,0,0
5000618,Hydro_NonPumped_EP,UT_N,Causey,7548,1998,HY,0,Water,2.1,0,0
5000619,Hydro_NonPumped_EP,UT_N,Cutler,3646,1927,HY,0,Water,30,0,0
5000620,Hydro_NonPumped_EP,UT_N,Deer_Creek,6404,1958,HY,0,Water,4.8,0,0
5000621,Hydro_NonPumped_EP,UT_N,Echo_Dam,4263,1987,HY,0,Water,4.4,0,0
5000623,Hydro_NonPumped_EP,UT_N,Flaming_Gorge,6405,1964,HY,0,Water,50.6,0,0
5000622,Hydro_NonPumped_EP,UT_N,Flaming_Gorge,6405,1963,HY,0,Water,101.2,0,0
5000624,Hydro_NonPumped_EP,UT_N,Gateway,3697,1958,HY,0,Water,4,0,0
5000625,Hydro_NonPumped_EP,UT_N,Granite,3651,1896,HY,0,Water,2,0,0
5000626,Hydro_NonPumped_EP,UT_N,Hydro_II,7034,1986,HY,0,Water,6.6,0,0
5000627,Hydro_NonPumped_EP,UT_N,Hydro_III,3675,1992,HY,0,Water,0.1,0,0
5000628,Hydro_NonPumped_EP,UT_N,Hydro_III,3675,1925,HY,0,Water,1.4,0,0
5000629,Hydro_NonPumped_EP,UT_N,Lake_Creek,159,1981,HY,0,Water,1.5,0,0
5000630,Hydro_NonPumped_EP,UT_N,Little_Cottonwood,6537,1983,HY,0,Water,4.8,0,0
5000631,Hydro_NonPumped_EP,UT_N,Olmstead,3655,1910,HY,0,Water,4.8,0,0
5000632,Hydro_NonPumped_EP,UT_N,Olmstead,3655,1922,HY,0,Water,5.5,0,0
5000633,Hydro_NonPumped_EP,UT_N,Pine_View_Dam,7132,1991,HY,0,Water,1.8,0,0
5000634,Hydro_NonPumped_EP,UT_N,Pioneer,3656,1910,HY,0,Water,5,0,0
5000635,Hydro_NonPumped_EP,UT_N,Snake_Creek,3658,1910,HY,0,Water,1.2,0,0
5000636,Hydro_NonPumped_EP,UT_N,Spanish_Fork,3691,1983,HY,0,Water,3.4,0,0
5000637,Hydro_NonPumped_EP,UT_N,Spanish_Fork,3691,1937,HY,0,Water,0.2,0,0
5000638,Hydro_NonPumped_EP,UT_N,Stairs,3659,1912,HY,0,Water,1,0,0
5000639,Hydro_NonPumped_EP,UT_N,Uintah,3704,1920,HY,0,Water,0.6,0,0
5000640,Hydro_NonPumped_EP,UT_N,Uintah,3704,1940,HY,0,Water,0.6,0,0
5000641,Hydro_NonPumped_EP,UT_N,Wanship,3698,1958,HY,0,Water,1.9,0,0
5000642,Hydro_NonPumped_EP,UT_N,Weber,3661,1911,HY,0,Water,3.8,0,0
5000643,Hydro_NonPumped_EP,UT_S,Boulder,3699,1961,HY,0,Water,1.4,0,0
5000644,Hydro_NonPumped_EP,UT_S,Boulder,3699,1958,HY,0,Water,2.8,0,0
5000645,Hydro_NonPumped_EP,UT_S,Hydro_Plant_No_3,925,1984,HY,0,Water,2.8,0,0
5000646,Hydro_NonPumped_EP,UT_S,Manti_Lower,1020,1989,HY,0,Water,1.2,0,0
5000647,Hydro_NonPumped_EP,UT_S,Manti_Upper,3676,1988,HY,0,Water,1,0,0
5000648,Hydro_NonPumped_EP,UT_S,Manti_Upper,3676,1939,HY,0,Water,0.6,0,0
5000649,Hydro_NonPumped_EP,UT_S,Quail_Creek_Hydro_Plant_#1,52039,1985,HY,0,Water,2.3,0,0
5000650,Hydro_NonPumped_EP,UT_S,Unit_4,7015,1993,HY,0,Water,1.5,0,0
5000651,Hydro_NonPumped_EP,UT_S,Upper_Beaver,3643,1907,HY,0,Water,2.5,0,0
5000652,Hydro_NonPumped_EP,WA_ID_AVA,Albeni_Falls,851,1955,HY,0,Water,42,0,0
5000653,Hydro_NonPumped_EP,WA_ID_AVA,Boundary,6433,1986,HY,0,Water,200,0,0
5000654,Hydro_NonPumped_EP,WA_ID_AVA,Boundary,6433,1985,HY,0,Water,200,0,0
5000655,Hydro_NonPumped_EP,WA_ID_AVA,Boundary,6433,1967,HY,0,Water,639.8,0,0
5000656,Hydro_NonPumped_EP,WA_ID_AVA,Box_Canyon,3891,1955,HY,0,Water,60,0,0
5000657,Hydro_NonPumped_EP,WA_ID_AVA,Cabinet_Gorge,833,1953,HY,0,Water,132.6,0,0
5000658,Hydro_NonPumped_EP,WA_ID_AVA,Cabinet_Gorge,833,1952,HY,0,Water,132.6,0,0
5000659,Hydro_NonPumped_EP,WA_ID_AVA,Dworshak,840,1975,HY,0,Water,180,0,0
5000660,Hydro_NonPumped_EP,WA_ID_AVA,Dworshak,840,1974,HY,0,Water,220,0,0
5000661,Hydro_NonPumped_EP,WA_ID_AVA,Ford_Hydro_LP,54674,1988,HY,0,Water,1.2,0,0
5000662,Hydro_NonPumped_EP,WA_ID_AVA,Little_Falls,3866,1911,HY,0,Water,8,0,0
5000663,Hydro_NonPumped_EP,WA_ID_AVA,Little_Falls,3866,1910,HY,0,Water,24,0,0
5000666,Hydro_NonPumped_EP,WA_ID_AVA,Little_Goose,3926,1971,HY,0,Water,135,0,0
5000664,Hydro_NonPumped_EP,WA_ID_AVA,Little_Goose,3926,1970,HY,0,Water,270,0,0
5000665,Hydro_NonPumped_EP,WA_ID_AVA,Little_Goose,3926,1978,HY,0,Water,405,0,0
5000668,Hydro_NonPumped_EP,WA_ID_AVA,Long_Lake,3867,1919,HY,0,Water,17.5,0,0
5000667,Hydro_NonPumped_EP,WA_ID_AVA,Long_Lake,3867,1915,HY,0,Water,35,0,0
5000669,Hydro_NonPumped_EP,WA_ID_AVA,Long_Lake,3867,1924,HY,0,Water,17.5,0,0
5000670,Hydro_NonPumped_EP,WA_ID_AVA,Lower_Granite,6175,1975,HY,0,Water,405,0,0
5000671,Hydro_NonPumped_EP,WA_ID_AVA,Lower_Granite,6175,1978,HY,0,Water,405,0,0
5000672,Hydro_NonPumped_EP,WA_ID_AVA,Meyers_Falls,3868,1915,HY,0,Water,1.2,0,0
5000673,Hydro_NonPumped_EP,WA_ID_AVA,Monroe_Street,9095,1992,HY,0,Water,14.8,0,0
5000676,Hydro_NonPumped_EP,WA_ID_AVA,Moyie_Springs,6506,1950,HY,0,Water,1,0,0
5000674,Hydro_NonPumped_EP,WA_ID_AVA,Moyie_Springs,6506,1921,HY,0,Water,0.4,0,0
5000675,Hydro_NonPumped_EP,WA_ID_AVA,Moyie_Springs,6506,1941,HY,0,Water,1,0,0
5000677,Hydro_NonPumped_EP,WA_ID_AVA,Moyie_Springs,6506,1982,HY,0,Water,1.5,0,0
5000678,Hydro_NonPumped_EP,WA_ID_AVA,Nine_Mile,3869,1994,HY,0,Water,20,0,0
5000679,Hydro_NonPumped_EP,WA_ID_AVA,Nine_Mile,3869,1908,HY,0,Water,3.1,0,0
5000683,Hydro_NonPumped_EP,WA_ID_AVA,Post_Falls,835,1906,HY,0,Water,6.6,0,0
5000680,Hydro_NonPumped_EP,WA_ID_AVA,Post_Falls,835,1907,HY,0,Water,2.2,0,0
5000681,Hydro_NonPumped_EP,WA_ID_AVA,Post_Falls,835,1980,HY,0,Water,3.5,0,0
5000682,Hydro_NonPumped_EP,WA_ID_AVA,Post_Falls,835,1908,HY,0,Water,2.2,0,0
5000684,Hydro_NonPumped_EP,WA_ID_AVA,Sheep_Creek_Hydro,50091,1986,HY,0,Water,1.6,0,0
5000686,Hydro_NonPumped_EP,WA_ID_AVA,Smith_Falls_Hydro_Project,54249,1989,HY,0,Water,2.1,0,0
5000685,Hydro_NonPumped_EP,WA_ID_AVA,Smith_Falls_Hydro_Project,54249,1990,HY,0,Water,36,0,0
5000687,Hydro_NonPumped_EP,WA_ID_AVA,Upper_Falls,9096,1922,HY,0,Water,10,0,0
5000688,Hydro_NonPumped_EP,WA_ID_AVA,Upriver_Dam_Hydro_Plant,50380,1984,HY,0,Water,11.6,0,0
5000689,Hydro_NonPumped_EP,WA_ID_AVA,Upriver_Dam_Hydro_Plant,50380,1936,HY,0,Water,6,0,0
5000690,Hydro_NonPumped_EP,WA_N_CEN,Chelan,6424,1927,HY,0,Water,29.6,0,0
5000691,Hydro_NonPumped_EP,WA_N_CEN,Chelan,6424,1928,HY,0,Water,29.6,0,0
5000696,Hydro_NonPumped_EP,WA_N_CEN,Chief_Joseph,3921,1958,HY,0,Water,352.8,0,0
5000692,Hydro_NonPumped_EP,WA_N_CEN,Chief_Joseph,3921,1978,HY,0,Water,380,0,0
5000693,Hydro_NonPumped_EP,WA_N_CEN,Chief_Joseph,3921,1957,HY,0,Water,441,0,0
5000694,Hydro_NonPumped_EP,WA_N_CEN,Chief_Joseph,3921,1977,HY,0,Water,285,0,0
5000695,Hydro_NonPumped_EP,WA_N_CEN,Chief_Joseph,3921,1956,HY,0,Water,264.6,0,0
5000697,Hydro_NonPumped_EP,WA_N_CEN,Chief_Joseph,3921,1979,HY,0,Water,380,0,0
5000698,Hydro_NonPumped_EP,WA_N_CEN,Chief_Joseph,3921,1955,HY,0,Water,352.8,0,0
5000712,Hydro_NonPumped_EP,WA_N_CEN,Grand_Coulee,6163,1980,HY,0,Water,805,0,0
5000699,Hydro_NonPumped_EP,WA_N_CEN,Grand_Coulee,6163,1948,HY,0,Water,125,0,0
5000700,Hydro_NonPumped_EP,WA_N_CEN,Grand_Coulee,6163,1943,HY,0,Water,375,0,0
5000701,Hydro_NonPumped_EP,WA_N_CEN,Grand_Coulee,6163,1949,HY,0,Water,375,0,0
5000702,Hydro_NonPumped_EP,WA_N_CEN,Grand_Coulee,6163,1979,HY,0,Water,805,0,0
5000703,Hydro_NonPumped_EP,WA_N_CEN,Grand_Coulee,6163,1976,HY,0,Water,1200,0,0
5000704,Hydro_NonPumped_EP,WA_N_CEN,Grand_Coulee,6163,1978,HY,0,Water,805,0,0
5000705,Hydro_NonPumped_EP,WA_N_CEN,Grand_Coulee,6163,1944,HY,0,Water,125,0,0
5000706,Hydro_NonPumped_EP,WA_N_CEN,Grand_Coulee,6163,1951,HY,0,Water,385,0,0
5000707,Hydro_NonPumped_EP,WA_N_CEN,Grand_Coulee,6163,1941,HY,0,Water,145,0,0
5000708,Hydro_NonPumped_EP,WA_N_CEN,Grand_Coulee,6163,1950,HY,0,Water,375,0,0
5000709,Hydro_NonPumped_EP,WA_N_CEN,Grand_Coulee,6163,1947,HY,0,Water,125,0,0
5000710,Hydro_NonPumped_EP,WA_N_CEN,Grand_Coulee,6163,1975,HY,0,Water,600,0,0
5000711,Hydro_NonPumped_EP,WA_N_CEN,Grand_Coulee,6163,1942,HY,0,Water,250,0,0
5000715,Hydro_Pumped_EP,WA_N_CEN,Grand_Coulee,6163,1984,PS,0,Water,53.5,0,0
5000713,Hydro_Pumped_EP,WA_N_CEN,Grand_Coulee,6163,1973,PS,0,Water,100,0,0
5000714,Hydro_Pumped_EP,WA_N_CEN,Grand_Coulee,6163,1983,PS,0,Water,160.5,0,0
5000716,Hydro_NonPumped_EP,WA_N_CEN,Main_Canal_Headworks,56698,1987,HY,0,Water,26.8,0,0
5000717,Hydro_NonPumped_EP,WA_N_CEN,PEC_Headworks,7113,1990,HY,0,Water,6.6,0,0
5000718,Hydro_NonPumped_EP,WA_N_CEN,Potholes_East_Canal_66.0,56697,1985,HY,0,Water,2.3,0,0
5000721,Hydro_NonPumped_EP,WA_N_CEN,Priest_Rapids,3887,1960,HY,0,Water,475,0,0
5000719,Hydro_NonPumped_EP,WA_N_CEN,Priest_Rapids,3887,1961,HY,0,Water,192.8,0,0
5000720,Hydro_NonPumped_EP,WA_N_CEN,Priest_Rapids,3887,1959,HY,0,Water,287.8,0,0
5000722,Hydro_NonPumped_EP,WA_N_CEN,Quincy_Chute,917,1985,HY,0,Water,9.4,0,0
5000727,Hydro_NonPumped_EP,WA_N_CEN,Rock_Island,6200,1979,HY,0,Water,205.2,0,0
5000723,Hydro_NonPumped_EP,WA_N_CEN,Rock_Island,6200,1978,HY,0,Water,205.2,0,0
5000724,Hydro_NonPumped_EP,WA_N_CEN,Rock_Island,6200,1953,HY,0,Water,67.5,0,0
5000725,Hydro_NonPumped_EP,WA_N_CEN,Rock_Island,6200,1932,HY,0,Water,35.7,0,0
5000726,Hydro_NonPumped_EP,WA_N_CEN,Rock_Island,6200,1931,HY,0,Water,42.6,0,0
5000728,Hydro_NonPumped_EP,WA_N_CEN,Rock_Island,6200,1952,HY,0,Water,67.5,0,0
5000730,Hydro_NonPumped_EP,WA_N_CEN,Rocky_Reach,3883,1974,HY,0,Water,250.8,0,0
5000729,Hydro_NonPumped_EP,WA_N_CEN,Rocky_Reach,3883,1973,HY,0,Water,250.8,0,0
5000731,Hydro_NonPumped_EP,WA_N_CEN,Rocky_Reach,3883,1961,HY,0,Water,798,0,0
5000732,Hydro_NonPumped_EP,WA_N_CEN,Roza,6407,1958,HY,0,Water,12.9,0,0
5000733,Hydro_NonPumped_EP,WA_N_CEN,Summer_Falls_Power_Plant,56695,1985,HY,0,Water,92,0,0
5000734,Hydro_NonPumped_EP,WA_N_CEN,Wanapum,3888,2011,HY,0,Water,122,0,0
5000736,Hydro_NonPumped_EP,WA_N_CEN,Wanapum,3888,1964,HY,0,Water,103.8,0,0
5000735,Hydro_NonPumped_EP,WA_N_CEN,Wanapum,3888,1963,HY,0,Water,726.6,0,0
5000737,Hydro_NonPumped_EP,WA_N_CEN,Wells,3886,1967,HY,0,Water,541.8,0,0
5000738,Hydro_NonPumped_EP,WA_N_CEN,Wells,3886,1969,HY,0,Water,154.8,0,0
5000739,Hydro_NonPumped_EP,WA_N_CEN,Wells,3886,1968,HY,0,Water,77.4,0,0
5000740,Hydro_NonPumped_EP,WA_W,Alder,3913,1945,HY,0,Water,25,0,0
5000741,Hydro_NonPumped_EP,WA_W,Alder,3913,1947,HY,0,Water,25,0,0
5000742,Hydro_NonPumped_EP,WA_W,Black_Creek,54860,1994,HY,0,Water,3.7,0,0
5000743,Hydro_NonPumped_EP,WA_W,Cedar_Falls,6430,1921,HY,0,Water,10,0,0
5000744,Hydro_NonPumped_EP,WA_W,Cedar_Falls,6430,1929,HY,0,Water,10,0,0
5000745,Hydro_NonPumped_EP,WA_W,Cowlitz_Falls,7427,1994,HY,0,Water,70,0,0
5000746,Hydro_NonPumped_EP,WA_W,Cushman_1,3914,1926,HY,0,Water,43.2,0,0
5000748,Hydro_NonPumped_EP,WA_W,Cushman_2,3915,1930,HY,0,Water,27,0,0
5000747,Hydro_NonPumped_EP,WA_W,Cushman_2,3915,1931,HY,0,Water,27,0,0
5000749,Hydro_NonPumped_EP,WA_W,Cushman_2,3915,1952,HY,0,Water,27,0,0
5000750,Hydro_NonPumped_EP,WA_W,Diablo,6432,1937,HY,0,Water,90,0,0
5000751,Hydro_NonPumped_EP,WA_W,Diablo,6432,1936,HY,0,Water,92.4,0,0
5000752,Hydro_NonPumped_EP,WA_W,Electron,3854,1929,HY,0,Water,7.5,0,0
5000753,Hydro_NonPumped_EP,WA_W,Electron,3854,1904,HY,0,Water,15.3,0,0
5000755,Hydro_NonPumped_EP,WA_W,Elwha_Hydroelectric_Project,54051,1922,HY,0,Water,6.6,0,0
5000754,Hydro_NonPumped_EP,WA_W,Elwha_Hydroelectric_Project,54051,1914,HY,0,Water,6,0,0
5000756,Hydro_NonPumped_EP,WA_W,Glines_Hydroelectric_Project,54050,1927,HY,0,Water,16.3,0,0
5000758,Hydro_NonPumped_EP,WA_W,Gorge,6431,1951,HY,0,Water,96.9,0,0
5000757,Hydro_NonPumped_EP,WA_W,Gorge,6431,1924,HY,0,Water,73.6,0,0
5000759,Hydro_NonPumped_EP,WA_W,Gorge,6431,1929,HY,0,Water,36.8,0,0
5000760,Hydro_NonPumped_EP,WA_W,H_M_Jackson,7588,1984,HY,0,Water,111.8,0,0
5000761,Hydro_NonPumped_EP,WA_W,Koma_Kulshan_Associates,54267,1990,HY,0,Water,12,0,0
5000763,Hydro_NonPumped_EP,WA_W,LaGrande,3916,1912,HY,0,Water,24,0,0
5000762,Hydro_NonPumped_EP,WA_W,LaGrande,3916,1945,HY,0,Water,40,0,0
5000764,Hydro_NonPumped_EP,WA_W,Lower_Baker,3855,1960,HY,0,Water,85,0,0
5000765,Hydro_NonPumped_EP,WA_W,Mayfield,3917,1983,HY,0,Water,40.5,0,0
5000766,Hydro_NonPumped_EP,WA_W,Mayfield,3917,1963,HY,0,Water,121.5,0,0
5000769,Hydro_NonPumped_EP,WA_W,Merwin,3847,1931,HY,0,Water,1,0,0
5000767,Hydro_NonPumped_EP,WA_W,Merwin,3847,1958,HY,0,Water,45,0,0
5000768,Hydro_NonPumped_EP,WA_W,Merwin,3847,1932,HY,0,Water,45,0,0
5000770,Hydro_NonPumped_EP,WA_W,Merwin,3847,1949,HY,0,Water,45,0,0
5000771,Hydro_NonPumped_EP,WA_W,Mossyrock,3918,1968,HY,0,Water,300,0,0
5000772,Hydro_NonPumped_EP,WA_W,Newhalem,9842,1970,HY,0,Water,2.3,0,0
5000773,Hydro_NonPumped_EP,WA_W,Packwood,3929,1964,HY,0,Water,27.5,0,0
5000774,Hydro_NonPumped_EP,WA_W,Port_Townsend_Paper,50544,1982,HY,0,Water,0.4,0,0
5000775,Hydro_NonPumped_EP,WA_W,Rocky_Brook_Hydroelectric,50228,1985,HY,0,Water,1.6,0,0
5000777,Hydro_NonPumped_EP,WA_W,Ross,6202,1953,HY,0,Water,112.5,0,0
5000776,Hydro_NonPumped_EP,WA_W,Ross,6202,1956,HY,0,Water,112.5,0,0
5000779,Hydro_NonPumped_EP,WA_W,Ross,6202,1954,HY,0,Water,112.5,0,0
5000778,Hydro_NonPumped_EP,WA_W,Ross,6202,1952,HY,0,Water,112.5,0,0
5000780,Hydro_NonPumped_EP,WA_W,Skookumchuck,7259,1990,HY,0,Water,1,0,0
5000781,Hydro_NonPumped_EP,WA_W,South_Fork_Tolt,622,1995,HY,0,Water,16.8,0,0
5000782,Hydro_NonPumped_EP,WA_W,Swift_1,3850,1958,HY,0,Water,240,0,0
5000783,Hydro_NonPumped_EP,WA_W,Twin_Falls_Hydro,50827,1989,HY,0,Water,24,0,0
5000784,Hydro_NonPumped_EP,WA_W,Upper_Baker,3861,1959,HY,0,Water,104.8,0,0
5000785,Hydro_NonPumped_EP,WA_W,Weeks_Falls,54387,1990,HY,0,Water,4.3,0,0
5000786,Hydro_NonPumped_EP,WA_W,Wynoochee,7127,1994,HY,0,Water,12.8,0,0
5000787,Hydro_NonPumped_EP,WA_W,Yale,3852,1953,HY,0,Water,134,0,0
5000788,Hydro_NonPumped_EP,WA_W,Yelm,3878,1930,HY,0,Water,6,0,0
5000789,Hydro_NonPumped_EP,WA_W,Yelm,3878,1955,HY,0,Water,6,0,0
5000790,Hydro_NonPumped_EP,WA_W,Youngs_Creek_Hydroelectric_Project,57763,2011,HY,0,Water,7.5,0,0
5000791,Hydro_NonPumped_EP,WY_NW,Boysen,505,1952,HY,0,Water,15,0,0
5000792,Hydro_NonPumped_EP,WY_NW,Buffalo_Bill,7317,1992,HY,0,Water,18,0,0
5000793,Hydro_NonPumped_EP,WY_NW,Garland_Canal_Power_Plant,57551,1983,HY,0,Water,2.9,0,0
5000794,Hydro_NonPumped_EP,WY_NW,Heart_Mountain,6408,1948,HY,0,Water,5,0,0
5000795,Hydro_NonPumped_EP,WY_NW,Shoshone,4183,1922,HY,0,Water,3,0,0
5000796,Hydro_NonPumped_EP,WY_NW,Spirit_Mountain,7541,1994,HY,0,Water,4.5,0,0
5000797,Hydro_NonPumped_EP,WY_SE,Alcova,6409,1955,HY,0,Water,41.4,0,0
5000799,Hydro_NonPumped_EP,WY_SE,Fremont_Canyon,4176,1960,HY,0,Water,33.4,0,0
5000798,Hydro_NonPumped_EP,WY_SE,Fremont_Canyon,4176,1961,HY,0,Water,33.4,0,0
5000801,Hydro_NonPumped_EP,WY_SE,Glendo,4177,1959,HY,0,Water,19,0,0
5000800,Hydro_NonPumped_EP,WY_SE,Glendo,4177,1958,HY,0,Water,19,0,0
5000803,Hydro_NonPumped_EP,WY_SE,Guernsey,4178,1928,HY,0,Water,3.2,0,0
5000802,Hydro_NonPumped_EP,WY_SE,Guernsey,4178,1927,HY,0,Water,3.2,0,0
5000805,Hydro_NonPumped_EP,WY_SE,Kortes,4180,1951,HY,0,Water,12,0,0
5000804,Hydro_NonPumped_EP,WY_SE,Kortes,4180,1950,HY,0,Water,24,0,0
5000806,Hydro_NonPumped_EP,WY_SE,Seminoe,4182,1939,HY,0,Water,51.6,0,0
5000807,Hydro_NonPumped_EP,WY_SW,Fontenelle,4185,1968,HY,0,Water,10,0,0
